ID,Group,Category,Title,Current state,Local behavior,Upstream behavior,Local evidence,Upstream evidence,Classification,Impact,Disposition,Defect,Confidence,Provenance,Notes
STR-001,Structure,Vendor model,In-tree owned snapshot,Active,"The package is copied into QwenVoice and maintained as source, not as a submodule or remote SPM dependency.",Upstream is the standalone source repository and package.,[`third_party_patches/mlx-audio-swift/UPSTREAM.md`](https://github.com/PowerBeef/Vocello/blob/05bd2b6d24b3f43351f3b388622a72d8f0d6ecce/third_party_patches/mlx-audio-swift/UPSTREAM.md) — vendor metadata and ownership statement.,[`README.md`](https://github.com/Blaizzy/mlx-audio-swift/blob/d302a5c6080d2bb97bae38c7418f82abb76013b6/README.md),maintainability,Deterministic source and local patch ownership; higher sync burden.,Keep local; rename conceptually as an owned Qwen3 runtime.,No,Confirmed in source,[specialization commit](https://github.com/PowerBeef/Vocello/commit/a2b5f15ddb683ba02db8fd3873022b9990fdfb93),
STR-002,Structure,Package specialization,Qwen3-TTS-only product surface,Active,"Only MLXAudioCore, MLXAudioCodecs, and MLXAudioTTS products remain.","Current upstream exposes Core, Codecs, TTS, STT, VAD, LID, STS, UI, G2P, an aggregate product, and command-line tools.",[`third_party_patches/mlx-audio-swift/Package.swift`](https://github.com/PowerBeef/Vocello/blob/05bd2b6d24b3f43351f3b388622a72d8f0d6ecce/third_party_patches/mlx-audio-swift/Package.swift),[`Package.swift`](https://github.com/Blaizzy/mlx-audio-swift/blob/d302a5c6080d2bb97bae38c7418f82abb76013b6/Package.swift),product-specific,Smaller compile surface and less unrelated churn; not a generally reusable audio SDK.,Keep local,No,Confirmed in source,[`a2b5f15d`](https://github.com/PowerBeef/Vocello/commit/a2b5f15ddb683ba02db8fd3873022b9990fdfb93),
STR-003,Structure,Source reduction,Removed multi-model targets,Active,"STT, STS, VAD, LID, G2P, UI, and Tools source targets were deleted from the snapshot.",All remain active upstream.,[`third_party_patches/mlx-audio-swift/UPSTREAM.md`](https://github.com/PowerBeef/Vocello/blob/05bd2b6d24b3f43351f3b388622a72d8f0d6ecce/third_party_patches/mlx-audio-swift/UPSTREAM.md),[`Package.swift`](https://github.com/Blaizzy/mlx-audio-swift/blob/d302a5c6080d2bb97bae38c7418f82abb76013b6/Package.swift),product-specific,Approximately 36K of the imported ~49K LOC were removed according to repository metadata.,Keep local; summarize deletions by target rather than pretending to track every deleted line.,No,Confirmed by source and specialization commit,[`a2b5f15d`](https://github.com/PowerBeef/Vocello/commit/a2b5f15ddb683ba02db8fd3873022b9990fdfb93),
STR-004,Structure,Codec scope,Mimi primitives only,Active,The codec target retains the Mimi Transformer/Conv/Quantization/Seanet primitives used by Qwen3-TTS.,"Upstream contains many codec families, including BigVGAN, DACVAE, Descript DAC, Encodec, Fish codecs, SNAC, Vocos, and others.",[`third_party_patches/mlx-audio-swift/UPSTREAM.md`](https://github.com/PowerBeef/Vocello/blob/05bd2b6d24b3f43351f3b388622a72d8f0d6ecce/third_party_patches/mlx-audio-swift/UPSTREAM.md),[`Sources/MLXAudioCodecs/Mimi/Conv.swift`](https://github.com/Blaizzy/mlx-audio-swift/blob/d302a5c6080d2bb97bae38c7418f82abb76013b6/Sources/MLXAudioCodecs/Mimi/Conv.swift),product-specific,Reduces package scope while preserving the required Qwen speech-tokenizer substrate.,Keep local,No,Confirmed in source,,
STR-005,Structure,Removed generic codec APIs,AudioCodecModel and Mimi wrapper omitted,Active,The generic AudioCodecModel protocol and unused Mimi wrapper were removed because Qwen3 directly uses lower-level primitives.,The imported baseline carried those generic surfaces.,[`third_party_patches/mlx-audio-swift/UPSTREAM.md`](https://github.com/PowerBeef/Vocello/blob/05bd2b6d24b3f43351f3b388622a72d8f0d6ecce/third_party_patches/mlx-audio-swift/UPSTREAM.md),[`Sources/MLXAudioCodecs/AudioCodecModel.swift`](https://github.com/Blaizzy/mlx-audio-swift/blob/fcbd04daa1bfebe881932f630af2ba6ce9af3274/Sources/MLXAudioCodecs/AudioCodecModel.swift),product-specific,Less unused abstraction; more divergence from upstream package layout.,Keep local,No,Confirmed in source,,
STR-006,Structure,Core pruning,Unused Core utilities removed,Active,"AudioPlayer, AudioSessionManager, PCMStreamConverter, and UnigramTokenizer were removed from the vendor package.",Upstream retains general-purpose Core utilities.,[`third_party_patches/mlx-audio-swift/UPSTREAM.md`](https://github.com/PowerBeef/Vocello/blob/05bd2b6d24b3f43351f3b388622a72d8f0d6ecce/third_party_patches/mlx-audio-swift/UPSTREAM.md),[`Sources/MLXAudioCore/AudioPlayer.swift`](https://github.com/Blaizzy/mlx-audio-swift/blob/d302a5c6080d2bb97bae38c7418f82abb76013b6/Sources/MLXAudioCore/AudioPlayer.swift),product-specific,Smaller accidental API surface.,Keep local,No,Confirmed in source,,
STR-007,Structure,Dependency policy,Exact MLX pins,Active,The vendor package pins mlx-swift 0.30.6 and mlx-swift-lm 2.30.6 exactly.,Current upstream uses compatible version ranges and a newer MLX-LM major line.,[`third_party_patches/mlx-audio-swift/Package.swift`](https://github.com/PowerBeef/Vocello/blob/05bd2b6d24b3f43351f3b388622a72d8f0d6ecce/third_party_patches/mlx-audio-swift/Package.swift),[`Package.swift`](https://github.com/Blaizzy/mlx-audio-swift/blob/d302a5c6080d2bb97bae38c7418f82abb76013b6/Package.swift),compatibility,"Reproducible shipping substrate, but increasing migration distance.",Keep exact production pins; add a scheduled compatibility lane.,No,Confirmed in source,,
STR-008,Structure,Dependency policy,swift-huggingface 0.9.0 exact pin,Active,The fork pins swift-huggingface 0.9.0.,Current upstream declares a compatible range beginning at 0.8.1.,[`third_party_patches/mlx-audio-swift/Package.swift`](https://github.com/PowerBeef/Vocello/blob/05bd2b6d24b3f43351f3b388622a72d8f0d6ecce/third_party_patches/mlx-audio-swift/Package.swift),[`Package.swift`](https://github.com/Blaizzy/mlx-audio-swift/blob/d302a5c6080d2bb97bae38c7418f82abb76013b6/Package.swift),compatibility,"Local dependency is newer in this dimension, but exact-pinned.",Keep until a compatibility branch proves an upgrade.,No,Confirmed in source,,
STR-009,Structure,Dependency pruning,Removed swift-transformers and MLXLLM from vendor target,Active,The Qwen-only package no longer declares swift-transformers or the MLXLLM product.,Current upstream TTS and codec targets use Transformers and MLXLLM for the broad model set.,[`third_party_patches/mlx-audio-swift/Package.swift`](https://github.com/PowerBeef/Vocello/blob/05bd2b6d24b3f43351f3b388622a72d8f0d6ecce/third_party_patches/mlx-audio-swift/Package.swift),[`Package.swift`](https://github.com/Blaizzy/mlx-audio-swift/blob/d302a5c6080d2bb97bae38c7418f82abb76013b6/Package.swift),performance,Fewer dependencies and less compile/link surface.,Keep local,No,Confirmed in source,,
STR-010,Structure,Toolchain,Swift tools 6.1 versus upstream 6.2,Active,The local vendor manifest declares Swift tools 6.1.,Current upstream declares Swift tools 6.2.,[`third_party_patches/mlx-audio-swift/Package.swift`](https://github.com/PowerBeef/Vocello/blob/05bd2b6d24b3f43351f3b388622a72d8f0d6ecce/third_party_patches/mlx-audio-swift/Package.swift),[`Package.swift`](https://github.com/Blaizzy/mlx-audio-swift/blob/d302a5c6080d2bb97bae38c7418f82abb76013b6/Package.swift),compatibility,Potential future manifest/API drift.,"Review with the MLX dependency upgrade, not independently.",No,Confirmed in source,,
STR-011,Structure,Testing,No vendor SwiftPM test target,Active,The specialized Package.swift defines production targets only.,"Upstream has direct package tests, including Qwen3-TTS fixture tests.",[`third_party_patches/mlx-audio-swift/Package.swift`](https://github.com/PowerBeef/Vocello/blob/05bd2b6d24b3f43351f3b388622a72d8f0d6ecce/third_party_patches/mlx-audio-swift/Package.swift),[`Tests/MLXAudioTTSTests.swift`](https://github.com/Blaizzy/mlx-audio-swift/blob/d302a5c6080d2bb97bae38c7418f82abb76013b6/Tests/MLXAudioTTSTests.swift),maintainability,The fork has more Qwen-specific behavior but less direct deterministic coverage.,Fix: add Qwen3RuntimeTests.,Yes — assurance gap,Confirmed in source,,
STR-012,Structure,Python policy,No repository-owned Python inference backend,Active,The product backend is native Swift/MLX; Python bridge/runtime paths are intentionally prohibited.,"Upstream Swift is also native, but the QwenVoice rule is a product-level packaging invariant.",[`docs/reference/mlx-audio-swift-patching.md`](https://github.com/PowerBeef/Vocello/blob/05bd2b6d24b3f43351f3b388622a72d8f0d6ecce/docs/reference/mlx-audio-swift-patching.md),[`README.md`](https://github.com/Blaizzy/mlx-audio-swift/blob/d302a5c6080d2bb97bae38c7418f82abb76013b6/README.md),product-specific,Supports local native distribution and avoids bundling Python.,Keep local,No,Confirmed in source,,
STR-013,Structure,CLI ownership,Standalone upstream tools removed; product CLI lives outside vendor,Active,"The vendor executable targets are removed, while VocelloCLI links the product engine through QwenVoiceCore.",Upstream ships generic TTS/STT/codec/STS/LID executables.,[`project.yml`](https://github.com/PowerBeef/Vocello/blob/05bd2b6d24b3f43351f3b388622a72d8f0d6ecce/project.yml),[`Package.swift`](https://github.com/Blaizzy/mlx-audio-swift/blob/d302a5c6080d2bb97bae38c7418f82abb76013b6/Package.swift),product-specific,One product-aware CLI rather than generic package tools.,Keep local,No,Confirmed in source,,
API-001,API,Prewarm,prepareForGeneration protocol requirement,Active,SpeechGenerationModel has an async prepareForGeneration operation with a default one-token warmup.,Current upstream SpeechGenerationModel does not expose this preparation requirement.,[`third_party_patches/mlx-audio-swift/Sources/MLXAudioTTS/Generation.swift`](https://github.com/PowerBeef/Vocello/blob/05bd2b6d24b3f43351f3b388622a72d8f0d6ecce/third_party_patches/mlx-audio-swift/Sources/MLXAudioTTS/Generation.swift),[`Sources/MLXAudioTTS/Generation.swift`](https://github.com/Blaizzy/mlx-audio-swift/blob/d302a5c6080d2bb97bae38c7418f82abb76013b6/Sources/MLXAudioTTS/Generation.swift),performance,Separates prewarming from user-visible synthesis.,Keep local; test cancellation and cache semantics.,No,Confirmed in source,,
API-002,API,Completion,Structured AudioGenerationFinishReason,Active,"Completion distinguishes eos, maxTokens, cancelled, and failed.",Current upstream generic API returns audio/events without this mode-specific completion object.,[`third_party_patches/mlx-audio-swift/Sources/MLXAudioTTS/Generation.swift`](https://github.com/PowerBeef/Vocello/blob/05bd2b6d24b3f43351f3b388622a72d8f0d6ecce/third_party_patches/mlx-audio-swift/Sources/MLXAudioTTS/Generation.swift),[`Sources/MLXAudioTTS/Generation.swift`](https://github.com/Blaizzy/mlx-audio-swift/blob/d302a5c6080d2bb97bae38c7418f82abb76013b6/Sources/MLXAudioTTS/Generation.swift),correctness,Prevents token-cap truncation from being silently treated as success.,Strong upstream candidate.,No,Confirmed in source,,
API-003,API,Completion,AudioGenerationCompletion result,Active,"Full-result mode returns audio, optional generation info, and finish reason.",Upstream full-result generation returns MLXArray.,[`third_party_patches/mlx-audio-swift/Sources/MLXAudioTTS/Generation.swift`](https://github.com/PowerBeef/Vocello/blob/05bd2b6d24b3f43351f3b388622a72d8f0d6ecce/third_party_patches/mlx-audio-swift/Sources/MLXAudioTTS/Generation.swift),[`Sources/MLXAudioTTS/Generation.swift`](https://github.com/Blaizzy/mlx-audio-swift/blob/d302a5c6080d2bb97bae38c7418f82abb76013b6/Sources/MLXAudioTTS/Generation.swift),correctness,Makes terminal state part of the type contract.,Keep local; upstreamable as an additive API.,No,Confirmed in source,,
API-004,API,Modes,Explicit Custom Voice APIs,Active,"The optimized protocol has prepare, stream, and full-result Custom Voice operations with separate speaker and instruction arguments.","Upstream routes Custom Voice through the generic voice string, including a 'speaker, instruction' compatibility convention.",[`third_party_patches/mlx-audio-swift/Sources/MLXAudioTTS/Generation.swift`](https://github.com/PowerBeef/Vocello/blob/05bd2b6d24b3f43351f3b388622a72d8f0d6ecce/third_party_patches/mlx-audio-swift/Sources/MLXAudioTTS/Generation.swift),[`Sources/MLXAudioTTS/Models/Qwen3TTS/Qwen3TTS.swift`](https://github.com/Blaizzy/mlx-audio-swift/blob/d302a5c6080d2bb97bae38c7418f82abb76013b6/Sources/MLXAudioTTS/Models/Qwen3TTS/Qwen3TTS.swift),product-specific,Removes ambiguous string parsing and enables mode-specific policy.,Keep local,No,Confirmed in source,,
API-005,API,Modes,Explicit Voice Design APIs,Active,"Voice Design has separate preparation, stream, and full-result methods.",Upstream uses the generic SpeechGenerationModel surface.,[`third_party_patches/mlx-audio-swift/Sources/MLXAudioTTS/Generation.swift`](https://github.com/PowerBeef/Vocello/blob/05bd2b6d24b3f43351f3b388622a72d8f0d6ecce/third_party_patches/mlx-audio-swift/Sources/MLXAudioTTS/Generation.swift),[`Sources/MLXAudioTTS/Generation.swift`](https://github.com/Blaizzy/mlx-audio-swift/blob/d302a5c6080d2bb97bae38c7418f82abb76013b6/Sources/MLXAudioTTS/Generation.swift),product-specific,Clear product contract and independent quality policy.,Keep local,No,Confirmed in source,,
API-006,API,Modes,Explicit Voice Clone APIs,Active,"Clone prompt creation, preparation, stream, and full-result generation are first-class operations.",Upstream has reusable reference conditioning but not the same persistent product artifact and mode-specific API.,[`third_party_patches/mlx-audio-swift/Sources/MLXAudioTTS/Generation.swift`](https://github.com/PowerBeef/Vocello/blob/05bd2b6d24b3f43351f3b388622a72d8f0d6ecce/third_party_patches/mlx-audio-swift/Sources/MLXAudioTTS/Generation.swift),[`Sources/MLXAudioTTS/Models/Qwen3TTS/Qwen3TTS.swift`](https://github.com/Blaizzy/mlx-audio-swift/blob/d302a5c6080d2bb97bae38c7418f82abb76013b6/Sources/MLXAudioTTS/Models/Qwen3TTS/Qwen3TTS.swift),product-specific,Enables Saved Voices and repeatable clone conditioning.,Keep local,No,Confirmed in source,,
API-007,API,Prewarm,Custom Voice prewarm depth control,Active,A separate protocol allows the caller to select custom prewarm depth.,No equivalent upstream product policy.,[`third_party_patches/mlx-audio-swift/Sources/MLXAudioTTS/Generation.swift`](https://github.com/PowerBeef/Vocello/blob/05bd2b6d24b3f43351f3b388622a72d8f0d6ecce/third_party_patches/mlx-audio-swift/Sources/MLXAudioTTS/Generation.swift),[`Sources/MLXAudioTTS/Generation.swift`](https://github.com/Blaizzy/mlx-audio-swift/blob/d302a5c6080d2bb97bae38c7418f82abb76013b6/Sources/MLXAudioTTS/Generation.swift),performance,Avoids expensive decoder-bucket work when it will not amortize.,Keep local,No,Confirmed in source,,
API-008,API,Streaming,Chunk timing event,Active,AudioGeneration includes a chunkTimings event immediately before the corresponding audio chunk.,"Upstream has token, info, and audio events only.",[`third_party_patches/mlx-audio-swift/Sources/MLXAudioCore/Generation/GenerationTypes.swift`](https://github.com/PowerBeef/Vocello/blob/05bd2b6d24b3f43351f3b388622a72d8f0d6ecce/third_party_patches/mlx-audio-swift/Sources/MLXAudioCore/Generation/GenerationTypes.swift),[`Sources/MLXAudioCore/Generation/GenerationTypes.swift`](https://github.com/Blaizzy/mlx-audio-swift/blob/d302a5c6080d2bb97bae38c7418f82abb76013b6/Sources/MLXAudioCore/Generation/GenerationTypes.swift),instrumentation,Enables per-chunk attribution and regression analysis.,Keep local; schema-version the payload.,No,Confirmed in source,,
API-009,API,Cancellation,PCM stream termination cancels producer,Active,"The local PCM buffer stream stores its producer task, checks cancellation around conversion, and cancels it on stream termination.",Current upstream launches an unretained task and has no matching onTermination cancellation in this helper.,[`third_party_patches/mlx-audio-swift/Sources/MLXAudioTTS/Generation.swift`](https://github.com/PowerBeef/Vocello/blob/05bd2b6d24b3f43351f3b388622a72d8f0d6ecce/third_party_patches/mlx-audio-swift/Sources/MLXAudioTTS/Generation.swift),[`Sources/MLXAudioTTS/Generation.swift`](https://github.com/Blaizzy/mlx-audio-swift/blob/d302a5c6080d2bb97bae38c7418f82abb76013b6/Sources/MLXAudioTTS/Generation.swift),correctness,Prevents abandoned helper streams from continuing work.,Upstream candidate.,No,Confirmed in source,,
API-010,API,Diagnostics,SpeechGenerationModelDiagnosticsProvider integration,Active,"Qwen3TTS exposes load timings, preparation timings, boolean flags, string flags, and reset hooks consumed by Core.",No equivalent generic upstream diagnostics contract.,[`third_party_patches/mlx-audio-swift/Sources/MLXAudioTTS/Models/Qwen3TTS/Qwen3TTS.swift`](https://github.com/PowerBeef/Vocello/blob/05bd2b6d24b3f43351f3b388622a72d8f0d6ecce/third_party_patches/mlx-audio-swift/Sources/MLXAudioTTS/Models/Qwen3TTS/Qwen3TTS.swift),[`Sources/MLXAudioTTS/Models/Qwen3TTS/Qwen3TTS.swift`](https://github.com/Blaizzy/mlx-audio-swift/blob/d302a5c6080d2bb97bae38c7418f82abb76013b6/Sources/MLXAudioTTS/Models/Qwen3TTS/Qwen3TTS.swift),instrumentation,Provides forensic visibility at the cost of stringly typed contracts.,Keep local; replace raw string dictionaries with typed schema.,No,Confirmed in source,,
TEL-001,Telemetry,KV cache,KVCacheDiagnostics type,Active,"Chunk telemetry carries cache type, sequence length, layers, attention heads, KV heads, head dimension, estimated dtype bytes, and estimated footprint.",Upstream event types do not expose KV cache diagnostics.,[`third_party_patches/mlx-audio-swift/Sources/MLXAudioCore/Generation/GenerationTypes.swift`](https://github.com/PowerBeef/Vocello/blob/05bd2b6d24b3f43351f3b388622a72d8f0d6ecce/third_party_patches/mlx-audio-swift/Sources/MLXAudioCore/Generation/GenerationTypes.swift),[`Sources/MLXAudioCore/Generation/GenerationTypes.swift`](https://github.com/Blaizzy/mlx-audio-swift/blob/d302a5c6080d2bb97bae38c7418f82abb76013b6/Sources/MLXAudioCore/Generation/GenerationTypes.swift),instrumentation,Supports trend detection; estimate is explicitly not allocator ground truth.,Keep local,No,Confirmed in source,,
TEL-002,Telemetry,Mimi,MimiDecoderStepTimings type,Active,"Per-frame decoder timings cover quantizer, pre-conv, transformer, upsample, initial conv, decoder blocks, output Snake, output conv, and total.",Upstream does not expose these substages.,[`third_party_patches/mlx-audio-swift/Sources/MLXAudioCore/Generation/GenerationTypes.swift`](https://github.com/PowerBeef/Vocello/blob/05bd2b6d24b3f43351f3b388622a72d8f0d6ecce/third_party_patches/mlx-audio-swift/Sources/MLXAudioCore/Generation/GenerationTypes.swift),[`Sources/MLXAudioCore/Generation/GenerationTypes.swift`](https://github.com/Blaizzy/mlx-audio-swift/blob/d302a5c6080d2bb97bae38c7418f82abb76013b6/Sources/MLXAudioCore/Generation/GenerationTypes.swift),instrumentation,Localizes decoder spikes.,Keep local,No,Confirmed in source,,
TEL-003,Telemetry,Chunk stages,ChunkSubstageTimings type,Active,"Each chunk can carry talker, code predictor, decoder, eval, EOS-read, audio materialization, KV, and Mimi breakdowns.",No upstream counterpart.,[`third_party_patches/mlx-audio-swift/Sources/MLXAudioCore/Generation/GenerationTypes.swift`](https://github.com/PowerBeef/Vocello/blob/05bd2b6d24b3f43351f3b388622a72d8f0d6ecce/third_party_patches/mlx-audio-swift/Sources/MLXAudioCore/Generation/GenerationTypes.swift),[`Sources/MLXAudioCore/Generation/GenerationTypes.swift`](https://github.com/Blaizzy/mlx-audio-swift/blob/d302a5c6080d2bb97bae38c7418f82abb76013b6/Sources/MLXAudioCore/Generation/GenerationTypes.swift),instrumentation,Rich performance evidence; adds API surface to a shared enum.,Keep local; version it.,No,Confirmed in source,,
TEL-004,Telemetry,Compatibility,Backward-compatible KV diagnostic decoding,Active,KVCacheDiagnostics decodes older rows without kvHeadCount by falling back to headCount.,No upstream equivalent because the type is local.,[`third_party_patches/mlx-audio-swift/Sources/MLXAudioCore/Generation/GenerationTypes.swift`](https://github.com/PowerBeef/Vocello/blob/05bd2b6d24b3f43351f3b388622a72d8f0d6ecce/third_party_patches/mlx-audio-swift/Sources/MLXAudioCore/Generation/GenerationTypes.swift),,compatibility,Preserves historical telemetry readability.,Keep local,No,Confirmed in source,,
LOD-001,Loading,Revision control,Revision-aware Hugging Face resolution,Active,ModelUtils accepts an explicit revision and passes it to downloadSnapshot.,Current upstream generic ModelUtils hardcodes main in its common download path.,[`third_party_patches/mlx-audio-swift/Sources/MLXAudioCore/ModelUtils.swift`](https://github.com/PowerBeef/Vocello/blob/05bd2b6d24b3f43351f3b388622a72d8f0d6ecce/third_party_patches/mlx-audio-swift/Sources/MLXAudioCore/ModelUtils.swift),[`Sources/MLXAudioCore/ModelUtils.swift`](https://github.com/Blaizzy/mlx-audio-swift/blob/d302a5c6080d2bb97bae38c7418f82abb76013b6/Sources/MLXAudioCore/ModelUtils.swift),correctness,Allows deterministic checkpoint resolution.,Strong upstream candidate.,No,Confirmed in source,,
LOD-002,Loading,Cache identity,Revision-separated model cache directory,Active,Non-main revisions are encoded into a cache-safe model-directory suffix.,Upstream uses a repository-derived directory without revision separation.,[`third_party_patches/mlx-audio-swift/Sources/MLXAudioCore/ModelUtils.swift`](https://github.com/PowerBeef/Vocello/blob/05bd2b6d24b3f43351f3b388622a72d8f0d6ecce/third_party_patches/mlx-audio-swift/Sources/MLXAudioCore/ModelUtils.swift),[`Sources/MLXAudioCore/ModelUtils.swift`](https://github.com/Blaizzy/mlx-audio-swift/blob/d302a5c6080d2bb97bae38c7418f82abb76013b6/Sources/MLXAudioCore/ModelUtils.swift),correctness,Prevents different revisions from aliasing one cache directory.,Strong upstream candidate.,No,Confirmed in source,,
LOD-003,Loading,Prepared directory,QwenPreparedLoadBehavior,Active,"Loading can trust a prepared checkpoint, skip repeat directory preparation, independently include encoders, and skip speech-tokenizer parameter evaluation.",Upstream exposes ordinary repository/local-directory loading without this capability profile.,[`third_party_patches/mlx-audio-swift/Sources/MLXAudioTTS/TTSModel.swift`](https://github.com/PowerBeef/Vocello/blob/05bd2b6d24b3f43351f3b388622a72d8f0d6ecce/third_party_patches/mlx-audio-swift/Sources/MLXAudioTTS/TTSModel.swift),[`Sources/MLXAudioTTS/TTSModel.swift`](https://github.com/Blaizzy/mlx-audio-swift/blob/d302a5c6080d2bb97bae38c7418f82abb76013b6/Sources/MLXAudioTTS/TTSModel.swift),performance,Makes constrained-device and already-validated loads configurable.,Keep local,No,Confirmed in source,,
LOD-004,Loading,Prepared directory,preparePreparedDirectory API,Active,Qwen tokenizer preparation can be run before model construction.,Upstream generates/loads tokenizer during normal model-directory loading.,[`third_party_patches/mlx-audio-swift/Sources/MLXAudioTTS/TTSModel.swift`](https://github.com/PowerBeef/Vocello/blob/05bd2b6d24b3f43351f3b388622a72d8f0d6ecce/third_party_patches/mlx-audio-swift/Sources/MLXAudioTTS/TTSModel.swift),[`Sources/MLXAudioTTS/Models/Qwen3TTS/Qwen3TTS.swift`](https://github.com/Blaizzy/mlx-audio-swift/blob/d302a5c6080d2bb97bae38c7418f82abb76013b6/Sources/MLXAudioTTS/Models/Qwen3TTS/Qwen3TTS.swift),performance,Supports staged model delivery and validation.,Keep local,No,Confirmed in source,,
LOD-005,Loading,Router,Qwen3-TTS-only TTS router,Active,TTS rejects all non-Qwen3-TTS model types.,Upstream routes many TTS families.,[`third_party_patches/mlx-audio-swift/Sources/MLXAudioTTS/TTSModel.swift`](https://github.com/PowerBeef/Vocello/blob/05bd2b6d24b3f43351f3b388622a72d8f0d6ecce/third_party_patches/mlx-audio-swift/Sources/MLXAudioTTS/TTSModel.swift),[`Sources/MLXAudioTTS/TTSModel.swift`](https://github.com/Blaizzy/mlx-audio-swift/blob/d302a5c6080d2bb97bae38c7418f82abb76013b6/Sources/MLXAudioTTS/TTSModel.swift),product-specific,Eliminates unused model registry paths.,Keep local,No,Confirmed in source,,
LOD-006,Loading,Concurrency,Tokenizer load overlaps talker loading,Active,loadModelContents starts tokenizer loading with async let while it loads talker components.,Upstream performs a simpler sequential model-directory load.,[`third_party_patches/mlx-audio-swift/Sources/MLXAudioTTS/Models/Qwen3TTS/Qwen3TTS.swift`](https://github.com/PowerBeef/Vocello/blob/05bd2b6d24b3f43351f3b388622a72d8f0d6ecce/third_party_patches/mlx-audio-swift/Sources/MLXAudioTTS/Models/Qwen3TTS/Qwen3TTS.swift),[`Sources/MLXAudioTTS/Models/Qwen3TTS/Qwen3TTS.swift`](https://github.com/Blaizzy/mlx-audio-swift/blob/d302a5c6080d2bb97bae38c7418f82abb76013b6/Sources/MLXAudioTTS/Models/Qwen3TTS/Qwen3TTS.swift),performance,Reduces cold-load wall time where work overlaps safely.,Keep local,No,Confirmed in source,,
LOD-007,Loading,Tokenizer,Direct strict tokenizer load with fallback,Active,"The loader constructs PreTrainedTokenizer directly from tokenizer files with strict mode, falling back to AutoTokenizer.",Upstream primarily uses AutoTokenizer in the reviewed Qwen loader.,[`third_party_patches/mlx-audio-swift/Sources/MLXAudioTTS/Models/Qwen3TTS/Qwen3TTS.swift`](https://github.com/PowerBeef/Vocello/blob/05bd2b6d24b3f43351f3b388622a72d8f0d6ecce/third_party_patches/mlx-audio-swift/Sources/MLXAudioTTS/Models/Qwen3TTS/Qwen3TTS.swift),[`Sources/MLXAudioTTS/Models/Qwen3TTS/Qwen3TTS.swift`](https://github.com/Blaizzy/mlx-audio-swift/blob/d302a5c6080d2bb97bae38c7418f82abb76013b6/Sources/MLXAudioTTS/Models/Qwen3TTS/Qwen3TTS.swift),performance,Avoids repeated generalized auto-resolution and records which path was used.,Keep local,No,Confirmed in source,,
LOD-008,Loading,Caching,Prepared tokenizer component cache,Active,"Tokenizers are cached by canonical prepared-directory key, with smaller iOS limits.",Upstream has a reference-audio cache but no equivalent prepared-component cache.,[`third_party_patches/mlx-audio-swift/Sources/MLXAudioTTS/Models/Qwen3TTS/Qwen3TTS.swift`](https://github.com/PowerBeef/Vocello/blob/05bd2b6d24b3f43351f3b388622a72d8f0d6ecce/third_party_patches/mlx-audio-swift/Sources/MLXAudioTTS/Models/Qwen3TTS/Qwen3TTS.swift),[`Sources/MLXAudioTTS/Models/Qwen3TTS/Qwen3TTS.swift`](https://github.com/Blaizzy/mlx-audio-swift/blob/d302a5c6080d2bb97bae38c7418f82abb76013b6/Sources/MLXAudioTTS/Models/Qwen3TTS/Qwen3TTS.swift),performance,Avoids repeated tokenizer reconstruction.,Keep local; use typed keys.,No,Confirmed in source,,
LOD-009,Loading,Caching,Prepared speech-tokenizer cache,Active,Speech tokenizers are cached separately by prepared directory and encoder inclusion.,No equivalent upstream cache.,[`third_party_patches/mlx-audio-swift/Sources/MLXAudioTTS/Models/Qwen3TTS/Qwen3TTS.swift`](https://github.com/PowerBeef/Vocello/blob/05bd2b6d24b3f43351f3b388622a72d8f0d6ecce/third_party_patches/mlx-audio-swift/Sources/MLXAudioTTS/Models/Qwen3TTS/Qwen3TTS.swift),[`Sources/MLXAudioTTS/Models/Qwen3TTS/Qwen3TTS.swift`](https://github.com/Blaizzy/mlx-audio-swift/blob/d302a5c6080d2bb97bae38c7418f82abb76013b6/Sources/MLXAudioTTS/Models/Qwen3TTS/Qwen3TTS.swift),performance,Allows decoder-only and full-capability variants without key collision.,Keep local,No,Confirmed in source,,
LOD-010,Loading,Capability profile,Decoder-only speech-tokenizer loading,Active,"When the encoder is omitted, encoder weights are filtered before sanitization/update.",Upstream loads the speech tokenizer as a full model-directory component.,[`third_party_patches/mlx-audio-swift/Sources/MLXAudioTTS/Models/Qwen3TTS/Qwen3TTS.swift`](https://github.com/PowerBeef/Vocello/blob/05bd2b6d24b3f43351f3b388622a72d8f0d6ecce/third_party_patches/mlx-audio-swift/Sources/MLXAudioTTS/Models/Qwen3TTS/Qwen3TTS.swift),[`Sources/MLXAudioTTS/Models/Qwen3TTS/Qwen3TTS.swift`](https://github.com/Blaizzy/mlx-audio-swift/blob/d302a5c6080d2bb97bae38c7418f82abb76013b6/Sources/MLXAudioTTS/Models/Qwen3TTS/Qwen3TTS.swift),memory,Reduces load cost for modes that do not need reference encoding.,Keep local,No,Confirmed in source,,
LOD-011,Loading,Validation,Qwen3 12 Hz speech-tokenizer config contract validation,Active,The local loader rejects a tokenizer configuration that does not match expected Qwen3-TTS 12 Hz structure.,The reviewed upstream loader decodes configuration and loads weights without this same product contract check.,[`third_party_patches/mlx-audio-swift/Sources/MLXAudioTTS/Models/Qwen3TTS/Qwen3TTS.swift`](https://github.com/PowerBeef/Vocello/blob/05bd2b6d24b3f43351f3b388622a72d8f0d6ecce/third_party_patches/mlx-audio-swift/Sources/MLXAudioTTS/Models/Qwen3TTS/Qwen3TTS.swift),[`Sources/MLXAudioTTS/Models/Qwen3TTS/Qwen3TTS.swift`](https://github.com/Blaizzy/mlx-audio-swift/blob/d302a5c6080d2bb97bae38c7418f82abb76013b6/Sources/MLXAudioTTS/Models/Qwen3TTS/Qwen3TTS.swift),correctness,Fails early on incompatible artifacts.,Keep local; upstreamable as model-specific validation.,No,Confirmed in source,,
LOD-012,Loading,Weight source,Prefer direct model.safetensors then merge shards,Active,"loadWeights first checks a named direct safetensors file, otherwise merges all safetensors in the directory.",Upstream enumerates and merges model-directory safetensors.,[`third_party_patches/mlx-audio-swift/Sources/MLXAudioTTS/Models/Qwen3TTS/Qwen3TTS.swift`](https://github.com/PowerBeef/Vocello/blob/05bd2b6d24b3f43351f3b388622a72d8f0d6ecce/third_party_patches/mlx-audio-swift/Sources/MLXAudioTTS/Models/Qwen3TTS/Qwen3TTS.swift),[`Sources/MLXAudioTTS/Models/Qwen3TTS/Qwen3TTS.swift`](https://github.com/Blaizzy/mlx-audio-swift/blob/d302a5c6080d2bb97bae38c7418f82abb76013b6/Sources/MLXAudioTTS/Models/Qwen3TTS/Qwen3TTS.swift),performance,Avoids unnecessary directory merge work for canonical prepared layouts.,Keep local,No,Confirmed in source,,
LOD-013,Loading,Memory,Explicit dictionary/pair release between load phases,Active,Temporary weight dictionaries and parameter-pair arrays are cleared around updates and cache clears.,Upstream uses a simpler load path with fewer explicit release points.,[`third_party_patches/mlx-audio-swift/Sources/MLXAudioTTS/Models/Qwen3TTS/Qwen3TTS.swift`](https://github.com/PowerBeef/Vocello/blob/05bd2b6d24b3f43351f3b388622a72d8f0d6ecce/third_party_patches/mlx-audio-swift/Sources/MLXAudioTTS/Models/Qwen3TTS/Qwen3TTS.swift),[`Sources/MLXAudioTTS/Models/Qwen3TTS/Qwen3TTS.swift`](https://github.com/Blaizzy/mlx-audio-swift/blob/d302a5c6080d2bb97bae38c7418f82abb76013b6/Sources/MLXAudioTTS/Models/Qwen3TTS/Qwen3TTS.swift),memory,Narrows transient load high-water where references are genuinely distinct.,Keep local; retain only evidence-backed release points.,No,Confirmed in source,,
LOD-014,Loading,Evaluation,Layer-batched talker evaluation,Active,Talker and code-predictor parameters are materialized in bounded layer batches.,Upstream evaluates whole component parameter collections more directly.,[`third_party_patches/mlx-audio-swift/Sources/MLXAudioTTS/Models/Qwen3TTS/Qwen3TTS.swift`](https://github.com/PowerBeef/Vocello/blob/05bd2b6d24b3f43351f3b388622a72d8f0d6ecce/third_party_patches/mlx-audio-swift/Sources/MLXAudioTTS/Models/Qwen3TTS/Qwen3TTS.swift),[`Sources/MLXAudioTTS/Models/Qwen3TTS/Qwen3TTS.swift`](https://github.com/Blaizzy/mlx-audio-swift/blob/d302a5c6080d2bb97bae38c7418f82abb76013b6/Sources/MLXAudioTTS/Models/Qwen3TTS/Qwen3TTS.swift),memory,Controls load-time materialization pressure.,Keep local,No,Confirmed in source,,
LOD-015,Loading,Evaluation,Batched speech-tokenizer parameter evaluation,Active,Speech-tokenizer parameter arrays are evaluated in batches with cache clears between batches.,No equivalent bounded evaluator in the reviewed upstream loader.,[`third_party_patches/mlx-audio-swift/Sources/MLXAudioTTS/Models/Qwen3TTS/Qwen3TTS.swift`](https://github.com/PowerBeef/Vocello/blob/05bd2b6d24b3f43351f3b388622a72d8f0d6ecce/third_party_patches/mlx-audio-swift/Sources/MLXAudioTTS/Models/Qwen3TTS/Qwen3TTS.swift),[`Sources/MLXAudioTTS/Models/Qwen3TTS/Qwen3TTS.swift`](https://github.com/Blaizzy/mlx-audio-swift/blob/d302a5c6080d2bb97bae38c7418f82abb76013b6/Sources/MLXAudioTTS/Models/Qwen3TTS/Qwen3TTS.swift),memory,Reduces peak materialization pressure.,Keep local,No,Confirmed in source,,
LOD-016,Loading,Trust,Relaxed unused-key verification only for trusted prepared checkpoint,Active,The trusted prepared path uses noUnusedKeys verification while the ordinary path uses all.,Upstream uses ordinary full verification for its standard load path.,[`third_party_patches/mlx-audio-swift/Sources/MLXAudioTTS/Models/Qwen3TTS/Qwen3TTS.swift`](https://github.com/PowerBeef/Vocello/blob/05bd2b6d24b3f43351f3b388622a72d8f0d6ecce/third_party_patches/mlx-audio-swift/Sources/MLXAudioTTS/Models/Qwen3TTS/Qwen3TTS.swift),[`Sources/MLXAudioTTS/Models/Qwen3TTS/Qwen3TTS.swift`](https://github.com/Blaizzy/mlx-audio-swift/blob/d302a5c6080d2bb97bae38c7418f82abb76013b6/Sources/MLXAudioTTS/Models/Qwen3TTS/Qwen3TTS.swift),compatibility,Avoids duplicate expensive validation only after Core has established artifact trust.,Keep local; include runtime/dependency ABI in trust signature.,No,Confirmed in source,,
LOD-017,Loading,Diagnostics,Prepared-load diagnostic event sink,Active,The loader emits named before/after/failure events and structured string details.,No equivalent upstream sink.,[`third_party_patches/mlx-audio-swift/Sources/MLXAudioTTS/TTSModel.swift`](https://github.com/PowerBeef/Vocello/blob/05bd2b6d24b3f43351f3b388622a72d8f0d6ecce/third_party_patches/mlx-audio-swift/Sources/MLXAudioTTS/TTSModel.swift),[`Sources/MLXAudioTTS/TTSModel.swift`](https://github.com/Blaizzy/mlx-audio-swift/blob/d302a5c6080d2bb97bae38c7418f82abb76013b6/Sources/MLXAudioTTS/TTSModel.swift),instrumentation,Makes cold-load failures diagnosable.,Keep local; type the events.,No,Confirmed in source,,
LOD-018,Loading,Correctness gap,Requested component may be returned without loaded weights,Active defect,"If speaker-encoder or speech-tokenizer weight maps are empty, the code can log a warning and still retain/return an initialized component object.","Upstream also has permissive warning paths, but the local capability-profile machinery can make presence look authoritative.",[`third_party_patches/mlx-audio-swift/Sources/MLXAudioTTS/Models/Qwen3TTS/Qwen3TTS.swift`](https://github.com/PowerBeef/Vocello/blob/05bd2b6d24b3f43351f3b388622a72d8f0d6ecce/third_party_patches/mlx-audio-swift/Sources/MLXAudioTTS/Models/Qwen3TTS/Qwen3TTS.swift),[`Sources/MLXAudioTTS/Models/Qwen3TTS/Qwen3TTS.swift`](https://github.com/Blaizzy/mlx-audio-swift/blob/d302a5c6080d2bb97bae38c7418f82abb76013b6/Sources/MLXAudioTTS/Models/Qwen3TTS/Qwen3TTS.swift),correctness,A corrupted or incomplete prepared directory could expose randomly initialized components.,Fix: throw or return nil when a requested learned component has no verified weights.,Yes,Confirmed in source,,
LOD-019,Loading,Core trust,Prepared checkpoint trust marker and fingerprinting,Active,QwenVoiceCore records descriptor/config/runtime profile and file metadata/digests to avoid repeating full preparation checks.,This product-level trust layer is outside upstream.,[`Sources/QwenVoiceCore/MLXModelLoadCoordinator.swift`](https://github.com/PowerBeef/Vocello/blob/05bd2b6d24b3f43351f3b388622a72d8f0d6ecce/Sources/QwenVoiceCore/MLXModelLoadCoordinator.swift),,performance,Makes large local checkpoint reuse practical while retaining invalidation evidence.,Keep local; bind to exact MLX/LM versions and fork schema.,No,Confirmed in source,,
PRM-001,Prompting,Speaker config,Scalar-or-array speaker ID compatibility,Active,"The local decoder first attempts [String:[Int]], then falls back from [String:Int] to one-element arrays.",Current upstream uses a typed SpkIdValue enum for the same checkpoint variability.,[`third_party_patches/mlx-audio-swift/Sources/MLXAudioTTS/Models/Qwen3TTS/Qwen3TTSConfig.swift`](https://github.com/PowerBeef/Vocello/blob/05bd2b6d24b3f43351f3b388622a72d8f0d6ecce/third_party_patches/mlx-audio-swift/Sources/MLXAudioTTS/Models/Qwen3TTS/Qwen3TTSConfig.swift),[`Sources/MLXAudioTTS/Models/Qwen3TTS/Qwen3TTSConfig.swift`](https://github.com/Blaizzy/mlx-audio-swift/blob/d302a5c6080d2bb97bae38c7418f82abb76013b6/Sources/MLXAudioTTS/Models/Qwen3TTS/Qwen3TTSConfig.swift),compatibility,Supports both Base and Custom Voice config shapes.,Consider porting upstream's typed representation.,No,Confirmed in source,,
PRM-002,Prompting,Dialect config,String-or-bool dialect compatibility,Active,The local decoder accepts String or Bool and retains only string dialect names.,Current upstream uses a typed SpkDialectValue preserving both forms.,[`third_party_patches/mlx-audio-swift/Sources/MLXAudioTTS/Models/Qwen3TTS/Qwen3TTSConfig.swift`](https://github.com/PowerBeef/Vocello/blob/05bd2b6d24b3f43351f3b388622a72d8f0d6ecce/third_party_patches/mlx-audio-swift/Sources/MLXAudioTTS/Models/Qwen3TTS/Qwen3TTSConfig.swift),[`Sources/MLXAudioTTS/Models/Qwen3TTS/Qwen3TTSConfig.swift`](https://github.com/Blaizzy/mlx-audio-swift/blob/d302a5c6080d2bb97bae38c7418f82abb76013b6/Sources/MLXAudioTTS/Models/Qwen3TTS/Qwen3TTSConfig.swift),compatibility,Handles mixed checkpoint JSON; local representation loses an explicit false value.,Port upstream's typed representation when convenient.,No,Confirmed in source,,
PRM-003,Prompting,Speaker resolution,Unsupported speaker is a typed generation error,Active,Explicit Custom Voice preparation requires a nonempty speaker ID and throws when it is absent from the map.,Upstream generic preparation can warn and continue without a speaker embedding in some compatibility paths.,[`third_party_patches/mlx-audio-swift/Sources/MLXAudioTTS/Models/Qwen3TTS/Qwen3TTS.swift`](https://github.com/PowerBeef/Vocello/blob/05bd2b6d24b3f43351f3b388622a72d8f0d6ecce/third_party_patches/mlx-audio-swift/Sources/MLXAudioTTS/Models/Qwen3TTS/Qwen3TTS.swift),[`Sources/MLXAudioTTS/Models/Qwen3TTS/Qwen3TTS.swift`](https://github.com/Blaizzy/mlx-audio-swift/blob/d302a5c6080d2bb97bae38c7418f82abb76013b6/Sources/MLXAudioTTS/Models/Qwen3TTS/Qwen3TTS.swift),correctness,Avoids silently generating with the wrong conditioning.,Keep local; upstream candidate.,No,Confirmed in source,,
PRM-004,Prompting,Dialect resolution,Dialect can override Auto/Chinese language ID,Active,"For configured dialect speakers, the local resolver maps the dialect to the codec language ID.","Upstream also supports dialect metadata, but through its generic prompt path.",[`third_party_patches/mlx-audio-swift/Sources/MLXAudioTTS/Models/Qwen3TTS/Qwen3TTS.swift`](https://github.com/PowerBeef/Vocello/blob/05bd2b6d24b3f43351f3b388622a72d8f0d6ecce/third_party_patches/mlx-audio-swift/Sources/MLXAudioTTS/Models/Qwen3TTS/Qwen3TTS.swift),[`Sources/MLXAudioTTS/Models/Qwen3TTS/Qwen3TTS.swift`](https://github.com/Blaizzy/mlx-audio-swift/blob/d302a5c6080d2bb97bae38c7418f82abb76013b6/Sources/MLXAudioTTS/Models/Qwen3TTS/Qwen3TTS.swift),correctness,Preserves expected dialect token conditioning.,Keep local,No,Confirmed in source,,
PRM-005,Prompting,Model capability,0.6B Custom Voice instruction suppression,Active,The local runtime disables Custom Voice instruction control for the 0.6B Custom Voice configuration.,Upstream generic parsing accepts speaker/instruction without the same product guard.,[`third_party_patches/mlx-audio-swift/Sources/MLXAudioTTS/Models/Qwen3TTS/Qwen3TTS.swift`](https://github.com/PowerBeef/Vocello/blob/05bd2b6d24b3f43351f3b388622a72d8f0d6ecce/third_party_patches/mlx-audio-swift/Sources/MLXAudioTTS/Models/Qwen3TTS/Qwen3TTS.swift),[`Sources/MLXAudioTTS/Models/Qwen3TTS/Qwen3TTS.swift`](https://github.com/Blaizzy/mlx-audio-swift/blob/d302a5c6080d2bb97bae38c7418f82abb76013b6/Sources/MLXAudioTTS/Models/Qwen3TTS/Qwen3TTS.swift),correctness,Prevents unsupported conditioning from being presented as effective.,Keep local; document by model capability.,No,Confirmed in source,,
PRM-006,Prompting,Caching,Conditioning-prefix LRU cache,Active,Custom and Design control prefixes are cached independently using normalized model/mode/language/speaker/instruction keys.,"Upstream has a reference-audio identity cache, not this product prefix cache.",[`third_party_patches/mlx-audio-swift/Sources/MLXAudioTTS/Models/Qwen3TTS/Qwen3TTS.swift`](https://github.com/PowerBeef/Vocello/blob/05bd2b6d24b3f43351f3b388622a72d8f0d6ecce/third_party_patches/mlx-audio-swift/Sources/MLXAudioTTS/Models/Qwen3TTS/Qwen3TTS.swift),[`Sources/MLXAudioTTS/Models/Qwen3TTS/Qwen3TTS.swift`](https://github.com/Blaizzy/mlx-audio-swift/blob/d302a5c6080d2bb97bae38c7418f82abb76013b6/Sources/MLXAudioTTS/Models/Qwen3TTS/Qwen3TTS.swift),performance,Avoids repeated tokenization and embedding construction.,Keep local; replace string concatenation with typed keys.,No,Confirmed in source,,
PRM-007,Prompting,Conditioning mode,Streaming trailing-text versus full-text nonstreaming modes,Active,The generation core has an explicit Qwen3TextConditioningMode and full-result APIs select fullTextNonStreaming.,Upstream has one generic generation assembly path.,[`third_party_patches/mlx-audio-swift/Sources/MLXAudioTTS/Models/Qwen3TTS/Qwen3TTS.swift`](https://github.com/PowerBeef/Vocello/blob/05bd2b6d24b3f43351f3b388622a72d8f0d6ecce/third_party_patches/mlx-audio-swift/Sources/MLXAudioTTS/Models/Qwen3TTS/Qwen3TTS.swift),[`Sources/MLXAudioTTS/Models/Qwen3TTS/Qwen3TTS.swift`](https://github.com/Blaizzy/mlx-audio-swift/blob/d302a5c6080d2bb97bae38c7418f82abb76013b6/Sources/MLXAudioTTS/Models/Qwen3TTS/Qwen3TTS.swift),correctness,Separates preview latency behavior from canonical final waveform behavior.,Keep local,No,Confirmed in source,,
PRM-008,Prompting,Clone artifact,Versioned Qwen3TTSVoiceClonePrompt,Active,"Clone conditioning stores optional reference codes, speaker embedding, transcript, ICL/x-vector mode, and metadata.",Upstream has reusable in-memory reference conditioning but not the same product persistence format.,[`third_party_patches/mlx-audio-swift/Sources/MLXAudioTTS/Models/Qwen3TTS/Qwen3TTS.swift`](https://github.com/PowerBeef/Vocello/blob/05bd2b6d24b3f43351f3b388622a72d8f0d6ecce/third_party_patches/mlx-audio-swift/Sources/MLXAudioTTS/Models/Qwen3TTS/Qwen3TTS.swift),[`Sources/MLXAudioTTS/Models/Qwen3TTS/Qwen3TTS.swift`](https://github.com/Blaizzy/mlx-audio-swift/blob/d302a5c6080d2bb97bae38c7418f82abb76013b6/Sources/MLXAudioTTS/Models/Qwen3TTS/Qwen3TTS.swift),product-specific,Enables Saved Voices and cross-run reuse.,Keep local,No,Confirmed in source,,
PRM-009,Prompting,Clone artifact,Artifact metadata matching,Active,"Metadata can bind model ID, language, source fingerprint, transcript hash/presence, clone mode, runtime profile, and creation time.",No upstream persistent metadata contract.,[`third_party_patches/mlx-audio-swift/Sources/MLXAudioTTS/Models/Qwen3TTS/Qwen3TTS.swift`](https://github.com/PowerBeef/Vocello/blob/05bd2b6d24b3f43351f3b388622a72d8f0d6ecce/third_party_patches/mlx-audio-swift/Sources/MLXAudioTTS/Models/Qwen3TTS/Qwen3TTS.swift),,correctness,Invalidates stale prompt artifacts when selected model/reference changes.,Keep local,No,Confirmed in source,,
PRM-010,Prompting,Clone artifact,Production directory-level atomic publication,Active,"QwenVoiceCore writes a complete prompt into a unique sibling temporary directory, then moves or atomically replaces the destination.",Not applicable upstream.,[`Sources/QwenVoiceCore/NativeCloneSupport.swift`](https://github.com/PowerBeef/Vocello/blob/05bd2b6d24b3f43351f3b388622a72d8f0d6ecce/Sources/QwenVoiceCore/NativeCloneSupport.swift),,correctness,Prevents a partially written manifest/tensor set from replacing the prior complete artifact.,Keep local,No,Confirmed in source,,Correction to the earlier report: production publication is atomic. The low-level serializer alone is not.
PRM-011,Prompting,Clone artifact,Low-level serializer is not independently transactional,Active API limitation,Qwen3TTSVoiceClonePrompt.write writes manifest and tensor files in sequence; safety depends on the Core staging wrapper.,No equivalent persistent serializer upstream.,[`third_party_patches/mlx-audio-swift/Sources/MLXAudioTTS/Models/Qwen3TTS/Qwen3TTS.swift`](https://github.com/PowerBeef/Vocello/blob/05bd2b6d24b3f43351f3b388622a72d8f0d6ecce/third_party_patches/mlx-audio-swift/Sources/MLXAudioTTS/Models/Qwen3TTS/Qwen3TTS.swift),,maintainability,A future direct caller could bypass atomic publication.,Make serializer internal or rename/document it as staging-only.,Potential misuse,Confirmed in source,,
PRM-012,Prompting,Clone artifact,Tensor structural/content validation missing,Active gap,"Loading checks schema and metadata but does not verify expected tensor key count, dtype, dimensions, file length, or content digest.",No equivalent persistent artifact upstream.,[`third_party_patches/mlx-audio-swift/Sources/MLXAudioTTS/Models/Qwen3TTS/Qwen3TTS.swift`](https://github.com/PowerBeef/Vocello/blob/05bd2b6d24b3f43351f3b388622a72d8f0d6ecce/third_party_patches/mlx-audio-swift/Sources/MLXAudioTTS/Models/Qwen3TTS/Qwen3TTS.swift),,correctness,Corrupted or mismatched tensors can fail later or condition the wrong voice.,"Fix: manifest file hashes, sizes, keys, dtypes, shapes, and mode requirements.",Yes — integrity gap,Confirmed in source,,
PRM-013,Prompting,Clone cache,"Normalized-reference, decoded-audio, conditioning, and prompt LRUs",Active,Core caches multiple clone pipeline stages and fingerprints source audio with SHA-256.,Upstream's model cache is narrower and based on MLXArray object identity for reference context.,[`Sources/QwenVoiceCore/NativeCloneSupport.swift`](https://github.com/PowerBeef/Vocello/blob/05bd2b6d24b3f43351f3b388622a72d8f0d6ecce/Sources/QwenVoiceCore/NativeCloneSupport.swift),[`Sources/MLXAudioTTS/Models/Qwen3TTS/Qwen3TTS.swift`](https://github.com/Blaizzy/mlx-audio-swift/blob/d302a5c6080d2bb97bae38c7418f82abb76013b6/Sources/MLXAudioTTS/Models/Qwen3TTS/Qwen3TTS.swift),performance,"Avoids repeated normalization, decoding, encoding, and prompt construction.",Keep local; add memory accounting and typed cache keys.,No,Confirmed in source,,
PRM-014,Prompting,Clone modes,ICL and x-vector-only prompt creation,Active,The clone prompt builder validates transcript requirements and can omit reference codes for x-vector-only mode.,Upstream reference-conditioning APIs focus on the generic raw reference path.,[`third_party_patches/mlx-audio-swift/Sources/MLXAudioTTS/Models/Qwen3TTS/Qwen3TTS.swift`](https://github.com/PowerBeef/Vocello/blob/05bd2b6d24b3f43351f3b388622a72d8f0d6ecce/third_party_patches/mlx-audio-swift/Sources/MLXAudioTTS/Models/Qwen3TTS/Qwen3TTS.swift),[`Sources/MLXAudioTTS/Models/Qwen3TTS/Qwen3TTS.swift`](https://github.com/Blaizzy/mlx-audio-swift/blob/d302a5c6080d2bb97bae38c7418f82abb76013b6/Sources/MLXAudioTTS/Models/Qwen3TTS/Qwen3TTS.swift),product-specific,Supports distinct clone quality/memory modes.,Keep local,No,Confirmed in source,,
CON-001,Concurrency,Serialization,Qwen3TTSGenerationGate,Active,Preparation and generation operations share a FIFO actor gate to protect mutable decoder/cache state.,Upstream relies on caller discipline and model-local mutable state without this same explicit product gate.,[`third_party_patches/mlx-audio-swift/Sources/MLXAudioTTS/Models/Qwen3TTS/Qwen3TTS.swift`](https://github.com/PowerBeef/Vocello/blob/05bd2b6d24b3f43351f3b388622a72d8f0d6ecce/third_party_patches/mlx-audio-swift/Sources/MLXAudioTTS/Models/Qwen3TTS/Qwen3TTS.swift),[`Sources/MLXAudioTTS/Models/Qwen3TTS/Qwen3TTS.swift`](https://github.com/Blaizzy/mlx-audio-swift/blob/d302a5c6080d2bb97bae38c7418f82abb76013b6/Sources/MLXAudioTTS/Models/Qwen3TTS/Qwen3TTS.swift),correctness,Prevents concurrent mutation of model and streaming decoder state.,Keep local; fix transfer cancellation race.,No,Confirmed in source,,
CON-002,Concurrency,Cancellation,Generation-gate transfer race,Active defect,"After a queued continuation is resumed, a final cancellation check can throw after ownership transferred but before release protection begins, leaving the gate held.",No equivalent gate upstream.,[`third_party_patches/mlx-audio-swift/Sources/MLXAudioTTS/Models/Qwen3TTS/Qwen3TTS.swift`](https://github.com/PowerBeef/Vocello/blob/05bd2b6d24b3f43351f3b388622a72d8f0d6ecce/third_party_patches/mlx-audio-swift/Sources/MLXAudioTTS/Models/Qwen3TTS/Qwen3TTS.swift),,correctness,Can indefinitely block later preparation and generation calls.,High priority fix with deterministic cancellation injection test.,Yes,Confirmed in source,,
CON-003,Concurrency,Streaming,Stream producer cancellation propagation,Active,Mode-specific streams retain producer tasks and cancel them from continuation termination.,Upstream Qwen stream construction is simpler and historically had weaker termination linkage.,[`third_party_patches/mlx-audio-swift/Sources/MLXAudioTTS/Models/Qwen3TTS/Qwen3TTS.swift`](https://github.com/PowerBeef/Vocello/blob/05bd2b6d24b3f43351f3b388622a72d8f0d6ecce/third_party_patches/mlx-audio-swift/Sources/MLXAudioTTS/Models/Qwen3TTS/Qwen3TTS.swift),[`Sources/MLXAudioTTS/Models/Qwen3TTS/Qwen3TTS.swift`](https://github.com/Blaizzy/mlx-audio-swift/blob/d302a5c6080d2bb97bae38c7418f82abb76013b6/Sources/MLXAudioTTS/Models/Qwen3TTS/Qwen3TTS.swift),correctness,Stops generation when the consumer abandons the stream.,Keep local; add cancellation tests at every suspension/sync boundary.,No,Confirmed in source,,
CON-004,Concurrency,State,Decoder streaming state reset in defer,Active,Streaming generation resets decoder state before use and in defer after completion/error.,Upstream also resets around streaming; local has more mode-specific entry points.,[`third_party_patches/mlx-audio-swift/Sources/MLXAudioTTS/Models/Qwen3TTS/Qwen3TTS.swift`](https://github.com/PowerBeef/Vocello/blob/05bd2b6d24b3f43351f3b388622a72d8f0d6ecce/third_party_patches/mlx-audio-swift/Sources/MLXAudioTTS/Models/Qwen3TTS/Qwen3TTS.swift),[`Sources/MLXAudioTTS/Models/Qwen3TTS/Qwen3TTS.swift`](https://github.com/Blaizzy/mlx-audio-swift/blob/d302a5c6080d2bb97bae38c7418f82abb76013b6/Sources/MLXAudioTTS/Models/Qwen3TTS/Qwen3TTS.swift),correctness,Prevents state leakage between generations.,Keep and test,No,Confirmed in source,,
CON-005,Concurrency,Thread safety,Diagnostics guarded by NSLock,Active,Load/preparation diagnostic dictionaries are lock-protected.,Upstream has little corresponding mutable diagnostic state.,[`third_party_patches/mlx-audio-swift/Sources/MLXAudioTTS/Models/Qwen3TTS/Qwen3TTS.swift`](https://github.com/PowerBeef/Vocello/blob/05bd2b6d24b3f43351f3b388622a72d8f0d6ecce/third_party_patches/mlx-audio-swift/Sources/MLXAudioTTS/Models/Qwen3TTS/Qwen3TTS.swift),,correctness,Avoids unsynchronized reads across adapter/executor boundaries.,Keep local; typed immutable snapshots would be cleaner.,No,Confirmed in source,,
CON-006,Concurrency,Sendability,Multiple @unchecked Sendable wrappers,Active risk,"MLX arrays, cached prefixes, clone prompts, and model adapters cross concurrency boundaries under explicit unchecked contracts.","Upstream also uses unchecked sendability in model code, but the local surface is larger.",[`Sources/QwenVoiceCore/UnsafeSpeechGenerationModel.swift`](https://github.com/PowerBeef/Vocello/blob/05bd2b6d24b3f43351f3b388622a72d8f0d6ecce/Sources/QwenVoiceCore/UnsafeSpeechGenerationModel.swift),[`Sources/MLXAudioTTS/Models/Qwen3TTS/Qwen3TTS.swift`](https://github.com/Blaizzy/mlx-audio-swift/blob/d302a5c6080d2bb97bae38c7418f82abb76013b6/Sources/MLXAudioTTS/Models/Qwen3TTS/Qwen3TTS.swift),maintainability,Correctness depends on single-owner/gated access invariants not enforced by the type system.,Keep only where necessary; add debug assertions and forced-concurrency tests.,"Risk, not a confirmed race",Confirmed in source,,
CON-007,Concurrency,Cache control,Qwen3TTSMemoryCaches.clearAll,Active,"One public async operation clears prepared components, conditioning prefixes, decoder-bucket records, and the MLX cache.",No equivalent upstream aggregate cache control.,[`third_party_patches/mlx-audio-swift/Sources/MLXAudioTTS/Models/Qwen3TTS/Qwen3TTS.swift`](https://github.com/PowerBeef/Vocello/blob/05bd2b6d24b3f43351f3b388622a72d8f0d6ecce/third_party_patches/mlx-audio-swift/Sources/MLXAudioTTS/Models/Qwen3TTS/Qwen3TTS.swift),,memory,Allows host memory-pressure policy to purge fork-level caches.,Keep local,No,Confirmed in source,,
CON-008,Concurrency,Prewarm,Decoder bucket precompilation,Active,Prewarm exercises 4/1/2/3-token decoder shapes and records a warmed-key cache.,Upstream does not precompile these product decoder buckets.,[`third_party_patches/mlx-audio-swift/Sources/MLXAudioTTS/Models/Qwen3TTS/Qwen3TTS.swift`](https://github.com/PowerBeef/Vocello/blob/05bd2b6d24b3f43351f3b388622a72d8f0d6ecce/third_party_patches/mlx-audio-swift/Sources/MLXAudioTTS/Models/Qwen3TTS/Qwen3TTS.swift),[`Sources/MLXAudioTTS/Models/Qwen3TTS/Qwen3TTS.swift`](https://github.com/Blaizzy/mlx-audio-swift/blob/d302a5c6080d2bb97bae38c7418f82abb76013b6/Sources/MLXAudioTTS/Models/Qwen3TTS/Qwen3TTS.swift),performance,Shifts first-use shape compilation ahead of playback.,Keep local; gate by prompt/device policy.,No,Confirmed in source,,
CON-009,Concurrency,Prewarm,Mode/device-dependent prewarm depth,Active,Core can skip bucket or stream-step warming for short prompts or constrained tiers.,No upstream product policy.,[`Sources/QwenVoiceCore/NativeEngineRuntime.swift`](https://github.com/PowerBeef/Vocello/blob/05bd2b6d24b3f43351f3b388622a72d8f0d6ecce/Sources/QwenVoiceCore/NativeEngineRuntime.swift),[`Sources/MLXAudioTTS/Models/Qwen3TTS/Qwen3TTS.swift`](https://github.com/Blaizzy/mlx-audio-swift/blob/d302a5c6080d2bb97bae38c7418f82abb76013b6/Sources/MLXAudioTTS/Models/Qwen3TTS/Qwen3TTS.swift),performance,Avoids paying cold-work that will not amortize.,Keep local; benchmark policy transitions.,No,Confirmed in source,,
GEN-001,Generation,Quality policy,Minimum two generated code tokens before EOS,Active,EOS is withheld until the production minimum generated-code count is reached.,Upstream permits EOS whenever the sampled token is available.,[`third_party_patches/mlx-audio-swift/Sources/MLXAudioTTS/Models/Qwen3TTS/Qwen3TTS.swift`](https://github.com/PowerBeef/Vocello/blob/05bd2b6d24b3f43351f3b388622a72d8f0d6ecce/third_party_patches/mlx-audio-swift/Sources/MLXAudioTTS/Models/Qwen3TTS/Qwen3TTS.swift),[`Sources/MLXAudioTTS/Models/Qwen3TTS/Qwen3TTS.swift`](https://github.com/Blaizzy/mlx-audio-swift/blob/d302a5c6080d2bb97bae38c7418f82abb76013b6/Sources/MLXAudioTTS/Models/Qwen3TTS/Qwen3TTS.swift),correctness,Avoids degenerate empty/near-empty outputs.,Keep local; test exact boundary.,No,Confirmed in source,,
GEN-002,Generation,Terminal semantics,Token-cap is recorded and surfaced,Active,The loop records eos/token_cap/failed and full-result APIs map it into AudioGenerationFinishReason.,Upstream stops at effectiveMaxTokens and returns generated audio without the same structured completion.,[`third_party_patches/mlx-audio-swift/Sources/MLXAudioTTS/Models/Qwen3TTS/Qwen3TTS.swift`](https://github.com/PowerBeef/Vocello/blob/05bd2b6d24b3f43351f3b388622a72d8f0d6ecce/third_party_patches/mlx-audio-swift/Sources/MLXAudioTTS/Models/Qwen3TTS/Qwen3TTS.swift),[`Sources/MLXAudioTTS/Models/Qwen3TTS/Qwen3TTS.swift`](https://github.com/Blaizzy/mlx-audio-swift/blob/d302a5c6080d2bb97bae38c7418f82abb76013b6/Sources/MLXAudioTTS/Models/Qwen3TTS/Qwen3TTS.swift),correctness,Allows Core to discard truncated output.,Keep local; upstream candidate.,No,Confirmed in source,,
GEN-003,Generation,Memory,Streaming retains pending chunk codes only,Active,Streaming appends code tensors to pendingStreamCodes and clears after emission; full-result mode separately retains all codes.,Upstream keeps generatedCodes for the entire generation while also decoding slices.,[`third_party_patches/mlx-audio-swift/Sources/MLXAudioTTS/Models/Qwen3TTS/Qwen3TTS.swift`](https://github.com/PowerBeef/Vocello/blob/05bd2b6d24b3f43351f3b388622a72d8f0d6ecce/third_party_patches/mlx-audio-swift/Sources/MLXAudioTTS/Models/Qwen3TTS/Qwen3TTS.swift),[`Sources/MLXAudioTTS/Models/Qwen3TTS/Qwen3TTS.swift`](https://github.com/Blaizzy/mlx-audio-swift/blob/d302a5c6080d2bb97bae38c7418f82abb76013b6/Sources/MLXAudioTTS/Models/Qwen3TTS/Qwen3TTS.swift),memory,Makes streaming peak much flatter with output length.,Strong upstream candidate.,No,Confirmed in source,,
GEN-004,Generation,Allocation,Reserve capacities for code/token buffers,Active,The local loop reserves capacity based on effective token budgets and chunk sizes.,Upstream uses ordinary dynamically growing arrays.,[`third_party_patches/mlx-audio-swift/Sources/MLXAudioTTS/Models/Qwen3TTS/Qwen3TTS.swift`](https://github.com/PowerBeef/Vocello/blob/05bd2b6d24b3f43351f3b388622a72d8f0d6ecce/third_party_patches/mlx-audio-swift/Sources/MLXAudioTTS/Models/Qwen3TTS/Qwen3TTS.swift),[`Sources/MLXAudioTTS/Models/Qwen3TTS/Qwen3TTS.swift`](https://github.com/Blaizzy/mlx-audio-swift/blob/d302a5c6080d2bb97bae38c7418f82abb76013b6/Sources/MLXAudioTTS/Models/Qwen3TTS/Qwen3TTS.swift),performance,Reduces Swift allocation churn.,Keep local; upstream candidate.,No,Confirmed in source,,
GEN-005,Generation,Repetition penalty,Incremental repetition token Set,Active,Unique generated token IDs are maintained incrementally and mirrored into sampler scratch.,Upstream reconstructs Array(Set(generatedTokens)) inside sampling.,[`third_party_patches/mlx-audio-swift/Sources/MLXAudioTTS/Models/Qwen3TTS/Qwen3TTS.swift`](https://github.com/PowerBeef/Vocello/blob/05bd2b6d24b3f43351f3b388622a72d8f0d6ecce/third_party_patches/mlx-audio-swift/Sources/MLXAudioTTS/Models/Qwen3TTS/Qwen3TTS.swift),[`Sources/MLXAudioTTS/Models/Qwen3TTS/Qwen3TTS.swift`](https://github.com/Blaizzy/mlx-audio-swift/blob/d302a5c6080d2bb97bae38c7418f82abb76013b6/Sources/MLXAudioTTS/Models/Qwen3TTS/Qwen3TTS.swift),performance,Avoids per-token hashing and allocations.,Strong upstream candidate.,No,Confirmed in source,[hot-path patch](https://github.com/PowerBeef/Vocello/commit/d93612c4f5ee672ef89be36caf700adb2b8d2bef),
GEN-006,Generation,Sampler allocation,Qwen3SamplerScratch reuse,Active,"Arange, zero, negative-infinity, EOS index, suppression pairs, and repetition IDs are reused.",Upstream allocates these arrays within sampleToken.,[`third_party_patches/mlx-audio-swift/Sources/MLXAudioTTS/Models/Qwen3TTS/Qwen3TTS.swift`](https://github.com/PowerBeef/Vocello/blob/05bd2b6d24b3f43351f3b388622a72d8f0d6ecce/third_party_patches/mlx-audio-swift/Sources/MLXAudioTTS/Models/Qwen3TTS/Qwen3TTS.swift),[`Sources/MLXAudioTTS/Models/Qwen3TTS/Qwen3TTS.swift`](https://github.com/Blaizzy/mlx-audio-swift/blob/d302a5c6080d2bb97bae38c7418f82abb76013b6/Sources/MLXAudioTTS/Models/Qwen3TTS/Qwen3TTS.swift),performance,Reduces graph-build and allocation overhead in talker and 15 code-predictor draws per frame.,Strong upstream candidate.,No,Confirmed in source,,
GEN-007,Generation,Sampler correctness,Temperature applied before top-p/min-p filtering,Active,Logits are temperature-scaled immediately after greedy handling; categorical samples the already-scaled logits.,Current upstream filters untempered logits and divides only at final categorical sampling.,[`third_party_patches/mlx-audio-swift/Sources/MLXAudioTTS/Models/Qwen3TTS/Qwen3TTS.swift`](https://github.com/PowerBeef/Vocello/blob/05bd2b6d24b3f43351f3b388622a72d8f0d6ecce/third_party_patches/mlx-audio-swift/Sources/MLXAudioTTS/Models/Qwen3TTS/Qwen3TTS.swift),[`Sources/MLXAudioTTS/Models/Qwen3TTS/Qwen3TTS.swift`](https://github.com/Blaizzy/mlx-audio-swift/blob/d302a5c6080d2bb97bae38c7418f82abb76013b6/Sources/MLXAudioTTS/Models/Qwen3TTS/Qwen3TTS.swift),correctness,Probability truncation reflects the actual tempered distribution.,Strong upstream candidate with deterministic tests.,No,Confirmed in source,[sampler-order fix](https://github.com/PowerBeef/Vocello/commit/1c8d9f51e3cc663c3eea690a54b082c216149973),
GEN-008,Generation,Sampler correctness,EOS logit preserved through truncation filters,Active,The original EOS logit is restored after top-k/top-p/min-p filtering when EOS is allowed.,Reviewed upstream also preserves EOS in its current Qwen sampler.,[`third_party_patches/mlx-audio-swift/Sources/MLXAudioTTS/Models/Qwen3TTS/Qwen3TTS.swift`](https://github.com/PowerBeef/Vocello/blob/05bd2b6d24b3f43351f3b388622a72d8f0d6ecce/third_party_patches/mlx-audio-swift/Sources/MLXAudioTTS/Models/Qwen3TTS/Qwen3TTS.swift),[`Sources/MLXAudioTTS/Models/Qwen3TTS/Qwen3TTS.swift`](https://github.com/Blaizzy/mlx-audio-swift/blob/d302a5c6080d2bb97bae38c7418f82abb76013b6/Sources/MLXAudioTTS/Models/Qwen3TTS/Qwen3TTS.swift),correctness,Prevents truncation filters from permanently suppressing normal completion.,Shared behavior; retain.,No,Confirmed in source,,
GEN-009,Generation,Sampling policy,Independent talker/subtalker overrides,Active,Environment/test policy can override subtalker temperature/top-k/top-p independently from the talker.,Upstream feeds the same generic generation settings through both paths.,[`third_party_patches/mlx-audio-swift/Sources/MLXAudioTTS/Models/Qwen3TTS/Qwen3TTS.swift`](https://github.com/PowerBeef/Vocello/blob/05bd2b6d24b3f43351f3b388622a72d8f0d6ecce/third_party_patches/mlx-audio-swift/Sources/MLXAudioTTS/Models/Qwen3TTS/Qwen3TTS.swift),[`Sources/MLXAudioTTS/Models/Qwen3TTS/Qwen3TTS.swift`](https://github.com/Blaizzy/mlx-audio-swift/blob/d302a5c6080d2bb97bae38c7418f82abb76013b6/Sources/MLXAudioTTS/Models/Qwen3TTS/Qwen3TTS.swift),product-specific,Enables controlled delivery A/B experiments.,Keep dev-only; pass typed policy instead of reading environment in vendor code.,No,Confirmed in source,,
GEN-010,Generation,Product sampling,Expressive/Balanced/Consistent request variation,Active,"Core maps request variation to talker temperature/top-p, with environment values taking precedence for development.",No upstream product variation concept.,[`Sources/QwenVoiceCore/UnsafeSpeechGenerationModel.swift`](https://github.com/PowerBeef/Vocello/blob/05bd2b6d24b3f43351f3b388622a72d8f0d6ecce/Sources/QwenVoiceCore/UnsafeSpeechGenerationModel.swift),,product-specific,Provides user-facing reproducibility/variation control.,Keep local; avoid process-global mutable variation if concurrent requests are ever allowed.,No,Confirmed in source,,
GEN-011,Generation,Determinism,Per-request MLX random seed,Active,QwenVoiceCore applies the request seed before generation.,Upstream generic calls do not expose the same product seed contract.,[`project.yml`](https://github.com/PowerBeef/Vocello/blob/05bd2b6d24b3f43351f3b388622a72d8f0d6ecce/project.yml),,product-specific,Supports reproducible takes and benchmark comparisons.,Keep local; add fixed-seed trace tests.,No,Confirmed in source,,
GEN-012,Generation,Defaults,Local default maxTokens is 2048,Active,"Qwen3TTSModel.defaultGenerationParameters uses 2048, aligned with QwenVoiceBackendCore officialQualityDefault.",Current upstream Qwen3TTS default is 4096.,[`third_party_patches/mlx-audio-swift/Sources/MLXAudioTTS/Models/Qwen3TTS/Qwen3TTS.swift`](https://github.com/PowerBeef/Vocello/blob/05bd2b6d24b3f43351f3b388622a72d8f0d6ecce/third_party_patches/mlx-audio-swift/Sources/MLXAudioTTS/Models/Qwen3TTS/Qwen3TTS.swift),[`Sources/MLXAudioTTS/Models/Qwen3TTS/Qwen3TTS.swift`](https://github.com/Blaizzy/mlx-audio-swift/blob/d302a5c6080d2bb97bae38c7418f82abb76013b6/Sources/MLXAudioTTS/Models/Qwen3TTS/Qwen3TTS.swift),product-specific,Bounds product latency/memory and defines when rotating KV can become active.,Keep local while product cap remains intentional; document mismatch.,No,Confirmed in source,,
GEN-013,Generation,Token budget,Mode/profile-specific token budget policy,Active,"Effective max tokens and minimum codes can be resolved by streaming mode, Custom Voice profile, and speed profile.","Upstream uses min(maxTokens, max(75, targetTokens*6)).",[`third_party_patches/mlx-audio-swift/Sources/MLXAudioTTS/Models/Qwen3TTS/Qwen3TTS.swift`](https://github.com/PowerBeef/Vocello/blob/05bd2b6d24b3f43351f3b388622a72d8f0d6ecce/third_party_patches/mlx-audio-swift/Sources/MLXAudioTTS/Models/Qwen3TTS/Qwen3TTS.swift),[`Sources/MLXAudioTTS/Models/Qwen3TTS/Qwen3TTS.swift`](https://github.com/Blaizzy/mlx-audio-swift/blob/d302a5c6080d2bb97bae38c7418f82abb76013b6/Sources/MLXAudioTTS/Models/Qwen3TTS/Qwen3TTS.swift),product-specific,Allows evidence-driven latency policy without changing generic parameters.,Keep local; make policies typed and tested.,No,Confirmed in source,,
GEN-014,Generation,Streaming policy,Larger post-first chunk sizes,Active,"After the first low-latency chunk, Design/Clone and profile-controlled Custom Voice use larger decode chunks.",Upstream uses one fixed chunk size derived from streamingInterval.,[`third_party_patches/mlx-audio-swift/Sources/MLXAudioTTS/Models/Qwen3TTS/Qwen3TTS.swift`](https://github.com/PowerBeef/Vocello/blob/05bd2b6d24b3f43351f3b388622a72d8f0d6ecce/third_party_patches/mlx-audio-swift/Sources/MLXAudioTTS/Models/Qwen3TTS/Qwen3TTS.swift),[`Sources/MLXAudioTTS/Models/Qwen3TTS/Qwen3TTS.swift`](https://github.com/Blaizzy/mlx-audio-swift/blob/d302a5c6080d2bb97bae38c7418f82abb76013b6/Sources/MLXAudioTTS/Models/Qwen3TTS/Qwen3TTS.swift),performance,Balances first-audio latency against decoder efficiency.,Keep local; verify waveform partition invariance.,No,Confirmed in source,,
GEN-015,Generation,Memory policy,Configurable MLX cache-clear cadence,Active,Cache clearing cadence is resolved by speed profile/explicit override and can be zero for full-result quality paths.,Upstream clears Memory cache every 50 generation steps.,[`third_party_patches/mlx-audio-swift/Sources/MLXAudioTTS/Models/Qwen3TTS/Qwen3TTS.swift`](https://github.com/PowerBeef/Vocello/blob/05bd2b6d24b3f43351f3b388622a72d8f0d6ecce/third_party_patches/mlx-audio-swift/Sources/MLXAudioTTS/Models/Qwen3TTS/Qwen3TTS.swift),[`Sources/MLXAudioTTS/Models/Qwen3TTS/Qwen3TTS.swift`](https://github.com/Blaizzy/mlx-audio-swift/blob/d302a5c6080d2bb97bae38c7418f82abb76013b6/Sources/MLXAudioTTS/Models/Qwen3TTS/Qwen3TTS.swift),performance,Avoids unnecessary cache churn while retaining constrained-tier controls.,Keep local; benchmark by device tier.,No,Confirmed in source,,
GEN-016,Generation,Eval policy,full/eos-only/deferred stream-step eval policy,"Active, full default","The local loop can explicitly evaluate both inputEmbeds/EOS, EOS only, or defer; full remains production default after measurement.",Upstream always evaluates inputEmbeds and EOS each step.,[`third_party_patches/mlx-audio-swift/Sources/MLXAudioTTS/Models/Qwen3TTS/Qwen3TTS.swift`](https://github.com/PowerBeef/Vocello/blob/05bd2b6d24b3f43351f3b388622a72d8f0d6ecce/third_party_patches/mlx-audio-swift/Sources/MLXAudioTTS/Models/Qwen3TTS/Qwen3TTS.swift),[`Sources/MLXAudioTTS/Models/Qwen3TTS/Qwen3TTS.swift`](https://github.com/Blaizzy/mlx-audio-swift/blob/d302a5c6080d2bb97bae38c7418f82abb76013b6/Sources/MLXAudioTTS/Models/Qwen3TTS/Qwen3TTS.swift),instrumentation,Supports attribution experiments; deferred did not eliminate compute.,Keep as diagnostic policy; do not expose casually.,No,Confirmed in source,,
GEN-017,Generation,KV cache,Optional quantized talker KV cache,Active but opt-in,Talker makeCache can return QuantizedKVCache and attention dispatches through attentionWithCacheUpdate.,Upstream uses KVCacheSimple and direct SDPA.,[`third_party_patches/mlx-audio-swift/Sources/MLXAudioTTS/Models/Qwen3TTS/Qwen3TTSTalker.swift`](https://github.com/PowerBeef/Vocello/blob/05bd2b6d24b3f43351f3b388622a72d8f0d6ecce/third_party_patches/mlx-audio-swift/Sources/MLXAudioTTS/Models/Qwen3TTS/Qwen3TTSTalker.swift),[`Sources/MLXAudioTTS/Models/Qwen3TTS/Qwen3TTSTalker.swift`](https://github.com/Blaizzy/mlx-audio-swift/blob/d302a5c6080d2bb97bae38c7418f82abb76013b6/Sources/MLXAudioTTS/Models/Qwen3TTS/Qwen3TTSTalker.swift),memory,Experimental memory lever; can alter numerics and needs quality gates.,Keep dev-only/off by default.,No,Confirmed in source,,
GEN-018,Generation,KV cache,Optional rotating talker KV cache,Active but off by default,A cache pins the conditioning prefix and rotates generated audio-code tokens beyond an environment-selected window.,Upstream exposes only simple talker cache in this model.,[`third_party_patches/mlx-audio-swift/Sources/MLXAudioTTS/Models/Qwen3TTS/Qwen3TTSTalker.swift`](https://github.com/PowerBeef/Vocello/blob/05bd2b6d24b3f43351f3b388622a72d8f0d6ecce/third_party_patches/mlx-audio-swift/Sources/MLXAudioTTS/Models/Qwen3TTS/Qwen3TTSTalker.swift),[`Sources/MLXAudioTTS/Models/Qwen3TTS/Qwen3TTSTalker.swift`](https://github.com/Blaizzy/mlx-audio-swift/blob/d302a5c6080d2bb97bae38c7418f82abb76013b6/Sources/MLXAudioTTS/Models/Qwen3TTS/Qwen3TTSTalker.swift),memory,Dormant insurance capability; current 2048 token cap makes a 2048 window inert.,Keep env-only; do not claim active RAM savings.,No,Confirmed in source,,
GEN-019,Generation,KV telemetry,Cache implementation type tracking,Active,"Talker records whether the last cache was simple, quantized, or rotating.",Upstream does not expose this telemetry.,[`third_party_patches/mlx-audio-swift/Sources/MLXAudioTTS/Models/Qwen3TTS/Qwen3TTSTalker.swift`](https://github.com/PowerBeef/Vocello/blob/05bd2b6d24b3f43351f3b388622a72d8f0d6ecce/third_party_patches/mlx-audio-swift/Sources/MLXAudioTTS/Models/Qwen3TTS/Qwen3TTSTalker.swift),[`Sources/MLXAudioTTS/Models/Qwen3TTS/Qwen3TTSTalker.swift`](https://github.com/Blaizzy/mlx-audio-swift/blob/d302a5c6080d2bb97bae38c7418f82abb76013b6/Sources/MLXAudioTTS/Models/Qwen3TTS/Qwen3TTSTalker.swift),instrumentation,Makes cache-policy evidence interpretable.,Keep local,No,Confirmed in source,,
GEN-020,Generation,Code predictor,Fused MLXFast.RoPE,Active,CodePredictorAttention applies MLXFast.RoPE with offset instead of constructing cos/sin tables and manual rotate-half operations.,Current upstream computes rotary embeddings and applies manual q/k rotation.,[`third_party_patches/mlx-audio-swift/Sources/MLXAudioTTS/Models/Qwen3TTS/Qwen3TTSCodePredictor.swift`](https://github.com/PowerBeef/Vocello/blob/05bd2b6d24b3f43351f3b388622a72d8f0d6ecce/third_party_patches/mlx-audio-swift/Sources/MLXAudioTTS/Models/Qwen3TTS/Qwen3TTSCodePredictor.swift),[`Sources/MLXAudioTTS/Models/Qwen3TTS/Qwen3TTSCodePredictor.swift`](https://github.com/Blaizzy/mlx-audio-swift/blob/d302a5c6080d2bb97bae38c7418f82abb76013b6/Sources/MLXAudioTTS/Models/Qwen3TTS/Qwen3TTSCodePredictor.swift),performance,Reduces graph operations and kernel launches in the repeated code-predictor loop.,Strong upstream candidate.,No,Confirmed in source,Recorded in optimization ledger as P3 / `f3cd2aa`.,
GEN-021,Generation,Code predictor,Per-generation causal-mask memoization,Active,CodePredictorStepConstants caches the pass-0 mask because the code-predictor cache is reset every frame.,Upstream rebuilds the causal mask when seqLen > 1.,[`third_party_patches/mlx-audio-swift/Sources/MLXAudioTTS/Models/Qwen3TTS/Qwen3TTSCodePredictor.swift`](https://github.com/PowerBeef/Vocello/blob/05bd2b6d24b3f43351f3b388622a72d8f0d6ecce/third_party_patches/mlx-audio-swift/Sources/MLXAudioTTS/Models/Qwen3TTS/Qwen3TTSCodePredictor.swift),[`Sources/MLXAudioTTS/Models/Qwen3TTS/Qwen3TTSCodePredictor.swift`](https://github.com/Blaizzy/mlx-audio-swift/blob/d302a5c6080d2bb97bae38c7418f82abb76013b6/Sources/MLXAudioTTS/Models/Qwen3TTS/Qwen3TTSCodePredictor.swift),performance,Avoids repeated graph-build work.,Strong upstream candidate.,No,Confirmed in source,,
GEN-022,Generation,Code predictor,Compiled shapeless SwiGLU,"Shared, not a local differentiator",Local Code Predictor and Talker use compile(shapeless:) for the elementwise SwiGLU interior.,Current upstream already does the same.,[`third_party_patches/mlx-audio-swift/Sources/MLXAudioTTS/Models/Qwen3TTS/Qwen3TTSCodePredictor.swift`](https://github.com/PowerBeef/Vocello/blob/05bd2b6d24b3f43351f3b388622a72d8f0d6ecce/third_party_patches/mlx-audio-swift/Sources/MLXAudioTTS/Models/Qwen3TTS/Qwen3TTSCodePredictor.swift),[`Sources/MLXAudioTTS/Models/Qwen3TTS/Qwen3TTSCodePredictor.swift`](https://github.com/Blaizzy/mlx-audio-swift/blob/d302a5c6080d2bb97bae38c7418f82abb76013b6/Sources/MLXAudioTTS/Models/Qwen3TTS/Qwen3TTSCodePredictor.swift),performance,"Important active optimization, but should not be credited as fork-only.",Document as inherited/shared.,No,Confirmed in source,,Correction against overbroad optimization lists.
GEN-023,Generation,Streaming pipeline,In-loop audio chunk async evaluation,Active,Non-final streaming chunks can be async-evaluated so decoder materialization overlaps later token work.,Upstream synchronously evaluates each emitted audio chunk.,[`third_party_patches/mlx-audio-swift/Sources/MLXAudioTTS/Models/Qwen3TTS/Qwen3TTS.swift`](https://github.com/PowerBeef/Vocello/blob/05bd2b6d24b3f43351f3b388622a72d8f0d6ecce/third_party_patches/mlx-audio-swift/Sources/MLXAudioTTS/Models/Qwen3TTS/Qwen3TTS.swift),[`Sources/MLXAudioTTS/Models/Qwen3TTS/Qwen3TTS.swift`](https://github.com/Blaizzy/mlx-audio-swift/blob/d302a5c6080d2bb97bae38c7418f82abb76013b6/Sources/MLXAudioTTS/Models/Qwen3TTS/Qwen3TTS.swift),performance,Pipelines decoder work with the autoregressive loop.,Keep local; preserve final-chunk ordering barrier.,No,Confirmed in source,,
GEN-024,Generation,Streaming correctness,Final trailing chunk forced synchronous,Active,The trailing decoder chunk is evaluated synchronously before generation returns.,"Upstream synchronously evaluates all chunks, so it does not have the local async handoff race.",[`third_party_patches/mlx-audio-swift/Sources/MLXAudioTTS/Models/Qwen3TTS/Qwen3TTS.swift`](https://github.com/PowerBeef/Vocello/blob/05bd2b6d24b3f43351f3b388622a72d8f0d6ecce/third_party_patches/mlx-audio-swift/Sources/MLXAudioTTS/Models/Qwen3TTS/Qwen3TTS.swift),[`Sources/MLXAudioTTS/Models/Qwen3TTS/Qwen3TTS.swift`](https://github.com/Blaizzy/mlx-audio-swift/blob/d302a5c6080d2bb97bae38c7418f82abb76013b6/Sources/MLXAudioTTS/Models/Qwen3TTS/Qwen3TTS.swift),correctness,Closes a race where final-file handoff could precede playback queue drain.,Keep local,No,Confirmed in source,,
GEN-025,Generation,Quality path,Dedicated full-result generation for Custom/Design/Clone,Active,Mode-specific full-result methods select full-text conditioning and return structured completion.,Upstream's generic generate path does not make this product distinction explicit.,[`third_party_patches/mlx-audio-swift/Sources/MLXAudioTTS/Models/Qwen3TTS/Qwen3TTS.swift`](https://github.com/PowerBeef/Vocello/blob/05bd2b6d24b3f43351f3b388622a72d8f0d6ecce/third_party_patches/mlx-audio-swift/Sources/MLXAudioTTS/Models/Qwen3TTS/Qwen3TTS.swift),[`Sources/MLXAudioTTS/Models/Qwen3TTS/Qwen3TTS.swift`](https://github.com/Blaizzy/mlx-audio-swift/blob/d302a5c6080d2bb97bae38c7418f82abb76013b6/Sources/MLXAudioTTS/Models/Qwen3TTS/Qwen3TTS.swift),correctness,Treats streaming preview and canonical persisted waveform as separate policies.,Keep local,No,Confirmed in source,,
DEC-001,Decoder,Numerical correctness,Input-side overlap-and-discard transposed convolution,Active,"DecoderBlockUpsample keeps one input frame as context, recomputes a composed output, and discards the repeated prefix.",Current upstream accumulates an output overflow tail and adds it into the next chunk.,[`third_party_patches/mlx-audio-swift/Sources/MLXAudioTTS/Models/Qwen3TTS/Qwen3TTSSpeechTokenizer.swift`](https://github.com/PowerBeef/Vocello/blob/05bd2b6d24b3f43351f3b388622a72d8f0d6ecce/third_party_patches/mlx-audio-swift/Sources/MLXAudioTTS/Models/Qwen3TTS/Qwen3TTSSpeechTokenizer.swift),[`Sources/MLXAudioTTS/Models/Qwen3TTS/Qwen3TTSSpeechTokenizer.swift`](https://github.com/Blaizzy/mlx-audio-swift/blob/d302a5c6080d2bb97bae38c7418f82abb76013b6/Sources/MLXAudioTTS/Models/Qwen3TTS/Qwen3TTSSpeechTokenizer.swift),correctness,Removes chunk-boundary floating-point accumulation drift and makes output partition-invariant.,Strong upstream candidate with partition tests.,No,Confirmed in source,Recorded as decoder-drift fix `4fab110`.,
DEC-002,Decoder,Future-proofing,Exact block-count fast-path guard,Active,The optimized decoder block step requires exactly five layers; any other shape uses a count-agnostic fallback.,Upstream uses the ordinary block implementation without this local explicit guard/commented invariant.,[`third_party_patches/mlx-audio-swift/Sources/MLXAudioTTS/Models/Qwen3TTS/Qwen3TTSSpeechTokenizer.swift`](https://github.com/PowerBeef/Vocello/blob/05bd2b6d24b3f43351f3b388622a72d8f0d6ecce/third_party_patches/mlx-audio-swift/Sources/MLXAudioTTS/Models/Qwen3TTS/Qwen3TTSSpeechTokenizer.swift),[`Sources/MLXAudioTTS/Models/Qwen3TTS/Qwen3TTSSpeechTokenizer.swift`](https://github.com/Blaizzy/mlx-audio-swift/blob/d302a5c6080d2bb97bae38c7418f82abb76013b6/Sources/MLXAudioTTS/Models/Qwen3TTS/Qwen3TTSSpeechTokenizer.swift),correctness,Avoids silently dropping future residual layers.,Upstream candidate.,No,Confirmed in source,,
DEC-003,Decoder,Instrumentation,streamingStepWithTimings,Active,The speech decoder can return waveform plus detailed Mimi decoder timings.,Upstream exposes the ordinary streaming step.,[`third_party_patches/mlx-audio-swift/Sources/MLXAudioTTS/Models/Qwen3TTS/Qwen3TTSSpeechTokenizer.swift`](https://github.com/PowerBeef/Vocello/blob/05bd2b6d24b3f43351f3b388622a72d8f0d6ecce/third_party_patches/mlx-audio-swift/Sources/MLXAudioTTS/Models/Qwen3TTS/Qwen3TTSSpeechTokenizer.swift),[`Sources/MLXAudioTTS/Models/Qwen3TTS/Qwen3TTSSpeechTokenizer.swift`](https://github.com/Blaizzy/mlx-audio-swift/blob/d302a5c6080d2bb97bae38c7418f82abb76013b6/Sources/MLXAudioTTS/Models/Qwen3TTS/Qwen3TTSSpeechTokenizer.swift),instrumentation,Supports per-frame and per-chunk decoder attribution.,Keep local,No,Confirmed in source,,
DEC-004,Decoder,Capability,Encoder can be omitted at construction/load,Active,Qwen3TTSSpeechTokenizer has an includeEncoder capability path used by prepared load profiles.,Upstream model-directory load generally constructs the full configured tokenizer.,[`third_party_patches/mlx-audio-swift/Sources/MLXAudioTTS/Models/Qwen3TTS/Qwen3TTSSpeechTokenizer.swift`](https://github.com/PowerBeef/Vocello/blob/05bd2b6d24b3f43351f3b388622a72d8f0d6ecce/third_party_patches/mlx-audio-swift/Sources/MLXAudioTTS/Models/Qwen3TTS/Qwen3TTSSpeechTokenizer.swift),[`Sources/MLXAudioTTS/Models/Qwen3TTS/Qwen3TTSSpeechTokenizer.swift`](https://github.com/Blaizzy/mlx-audio-swift/blob/d302a5c6080d2bb97bae38c7418f82abb76013b6/Sources/MLXAudioTTS/Models/Qwen3TTS/Qwen3TTSSpeechTokenizer.swift),memory,Reduces resident model surface when cloning/reference encoding is unavailable or unnecessary.,Keep local,No,Confirmed in source,,
DEC-005,Decoder,State,Explicit reset across all incremental layers,Active,"Initial/output conv buffers, decoder blocks, and upsample input context are reset between streams.",Upstream resets its overflow/buffer state under its own algorithm.,[`third_party_patches/mlx-audio-swift/Sources/MLXAudioTTS/Models/Qwen3TTS/Qwen3TTSSpeechTokenizer.swift`](https://github.com/PowerBeef/Vocello/blob/05bd2b6d24b3f43351f3b388622a72d8f0d6ecce/third_party_patches/mlx-audio-swift/Sources/MLXAudioTTS/Models/Qwen3TTS/Qwen3TTSSpeechTokenizer.swift),[`Sources/MLXAudioTTS/Models/Qwen3TTS/Qwen3TTSSpeechTokenizer.swift`](https://github.com/Blaizzy/mlx-audio-swift/blob/d302a5c6080d2bb97bae38c7418f82abb76013b6/Sources/MLXAudioTTS/Models/Qwen3TTS/Qwen3TTSSpeechTokenizer.swift),correctness,Required for independent generations.,Retain and test.,No,Confirmed in source,,
DEC-006,Decoder,Mimi Conv,Local Mimi wrappers remain on older MLX API style,Active compatibility debt,The fork retains the imported Conv wrappers compatible with MLX 0.30.6.,Current upstream has refactored Mimi convolution wrappers around newer MLXNN Conv1d/ConvTransposed1d classes.,[`third_party_patches/mlx-audio-swift/Sources/MLXAudioCodecs/Mimi/Conv.swift`](https://github.com/PowerBeef/Vocello/blob/05bd2b6d24b3f43351f3b388622a72d8f0d6ecce/third_party_patches/mlx-audio-swift/Sources/MLXAudioCodecs/Mimi/Conv.swift),[`Sources/MLXAudioCodecs/Mimi/Conv.swift`](https://github.com/Blaizzy/mlx-audio-swift/blob/d302a5c6080d2bb97bae38c7418f82abb76013b6/Sources/MLXAudioCodecs/Mimi/Conv.swift),compatibility,"An upgrade blocker, not a present correctness defect.",Evaluate only with the MLX/LM compatibility branch.,No,Confirmed in source,,
INT-001,Integration,Backend adapter,QwenVoice-specific closure adapter,Active,UnsafeSpeechGenerationModel converts the fork protocols into QwenVoiceCore closures and applies product parameter policies.,No upstream equivalent.,[`Sources/QwenVoiceCore/UnsafeSpeechGenerationModel.swift`](https://github.com/PowerBeef/Vocello/blob/05bd2b6d24b3f43351f3b388622a72d8f0d6ecce/Sources/QwenVoiceCore/UnsafeSpeechGenerationModel.swift),,product-specific,"Allows a single-owner model to cross actor boundaries, but expands unchecked contracts.",Move into/behind BackendCore over time.,No,Confirmed in source,,
INT-002,Integration,Boundary,Fork-specific types leak above BackendCore,Active design debt,QwenVoiceCore and several app/service targets directly link MLXAudioCore/TTS and use fork-specific protocols/types.,Upstream is itself the package boundary.,[`project.yml`](https://github.com/PowerBeef/Vocello/blob/05bd2b6d24b3f43351f3b388622a72d8f0d6ecce/project.yml),,maintainability,Increases blast radius of vendor API changes.,Constrain fork-specific APIs to BackendCore; neutral MLXArray/Core exceptions may remain explicit.,Design debt,Confirmed in source,,
INT-003,Integration,Output,Product streaming WAV/final-file pipeline outside vendor,Active,QwenVoiceCore writes streamed/final audio with product-owned atomic file and telemetry behavior.,Upstream provides generic AudioUtils and StreamingWAVWriter.,[`Sources/QwenVoiceCore/NativeStreamingSynthesisSession.swift`](https://github.com/PowerBeef/Vocello/blob/05bd2b6d24b3f43351f3b388622a72d8f0d6ecce/Sources/QwenVoiceCore/NativeStreamingSynthesisSession.swift),[`Sources/MLXAudioCore/AudioUtils.swift`](https://github.com/Blaizzy/mlx-audio-swift/blob/d302a5c6080d2bb97bae38c7418f82abb76013b6/Sources/MLXAudioCore/AudioUtils.swift),product-specific,Separates package generation from durable application artifacts.,Keep local,No,Confirmed in source,,
INT-004,Integration,Generic writer,Local vendor StreamingWAVWriter lacks upstream buffer reuse,Active low-impact lag,The specialized vendor still allocates a new AVAudioPCMBuffer per generic writer chunk.,Current upstream reuses a buffer and accepts MLXArray/data writes.,[`third_party_patches/mlx-audio-swift/Sources/MLXAudioCore/AudioUtils.swift`](https://github.com/PowerBeef/Vocello/blob/05bd2b6d24b3f43351f3b388622a72d8f0d6ecce/third_party_patches/mlx-audio-swift/Sources/MLXAudioCore/AudioUtils.swift),[`Sources/MLXAudioCore/AudioUtils.swift`](https://github.com/Blaizzy/mlx-audio-swift/blob/d302a5c6080d2bb97bae38c7418f82abb76013b6/Sources/MLXAudioCore/AudioUtils.swift),performance,Low production impact because the product uses a different writer.,Optional selective port.,No,Confirmed in source,,
INT-005,Integration,Memory pressure,Host-driven cache trimming and platform policy,Active,"Core resolves device-tier memory behavior, invokes fork cache clearing, and controls prewarm/streaming policies.",Upstream package does not own product host memory admission or XPC/iOS policy.,[`Sources/QwenVoiceCore/NativeEngineRuntime.swift`](https://github.com/PowerBeef/Vocello/blob/05bd2b6d24b3f43351f3b388622a72d8f0d6ecce/Sources/QwenVoiceCore/NativeEngineRuntime.swift),,memory,Adapts one model runtime to 8 GB Macs and iPhones.,Keep outside mathematical kernel.,No,Confirmed in source,,
INT-006,Integration,macOS process model,XPC engine isolation,Active,macOS runs generation in a service for crash isolation and retire/unload control.,Upstream is an in-process SDK.,[`Sources/QwenVoiceEngineService/main.swift`](https://github.com/PowerBeef/Vocello/blob/05bd2b6d24b3f43351f3b388622a72d8f0d6ecce/Sources/QwenVoiceEngineService/main.swift),,product-specific,Process isolation and lifecycle control; not a vendor-patch difference by itself.,Keep product-owned.,No,Confirmed in source,,
INT-007,Integration,iOS process model,In-process iOS engine,Active,iOS uses the same backend in-process under iOS memory policy.,Upstream is a library and does not dictate process model.,[`project.yml`](https://github.com/PowerBeef/Vocello/blob/05bd2b6d24b3f43351f3b388622a72d8f0d6ecce/project.yml),,product-specific,Avoids extension memory-cap constraints.,Keep product-owned.,No,Confirmed in source,,
BEN-001,Benchmarks,Memory,Streaming versus nonstreaming retention dominates peak,"Measured, current-relevant",Repository benchmarks report streaming Speed paths around ~2.4–3.8 GB versus roughly ~7–8 GB for old full-history nonstreaming runs.,"Upstream source retains full generated code history in its streaming loop, but no equivalent Vocello hardware matrix was reviewed.",[`benchmarks/OPTIMIZATION.md`](https://github.com/PowerBeef/Vocello/blob/05bd2b6d24b3f43351f3b388622a72d8f0d6ecce/benchmarks/OPTIMIZATION.md),[`Sources/MLXAudioTTS/Models/Qwen3TTS/Qwen3TTS.swift`](https://github.com/Blaizzy/mlx-audio-swift/blob/d302a5c6080d2bb97bae38c7418f82abb76013b6/Sources/MLXAudioTTS/Models/Qwen3TTS/Qwen3TTS.swift),memory,Supports the source-level pending-chunk design.,"Treat as hardware-specific evidence, not a universal number.",No,Source plus repository benchmark evidence,,
BEN-002,Benchmarks,Performance,Streaming-default Speed reaches approximately realtime on reference 8 GB Mac,Measured,The committed streaming-default baseline reports Custom/Design Speed RTF around 0.95–1.04 with all QC passing.,,[`benchmarks/OPTIMIZATION.md`](https://github.com/PowerBeef/Vocello/blob/05bd2b6d24b3f43351f3b388622a72d8f0d6ecce/benchmarks/OPTIMIZATION.md),,performance,Demonstrates product viability on the recorded machine/configuration.,Preserve baseline metadata; do not generalize to all devices.,No,Repository benchmark evidence,,
BEN-003,Benchmarks,Attribution,Swift timers around lazy MLX ops are not GPU-stage timings,Measured methodology,The repository explicitly states that stepEval contains fused compute while talker/codePred timers largely measure graph construction.,,[`benchmarks/OPTIMIZATION.md`](https://github.com/PowerBeef/Vocello/blob/05bd2b6d24b3f43351f3b388622a72d8f0d6ecce/benchmarks/OPTIMIZATION.md),,instrumentation,Prevents incorrect optimization conclusions.,Retain this caveat in all performance reports.,No,Repository benchmark methodology,,
BEN-004,Benchmarks,Rejected experiment,Compiling quantized per-frame graph regressed warm RTF,Rejected and absent,A validation spike reportedly regressed warm RTF by about 5% and was reverted.,,[`benchmarks/OPTIMIZATION.md`](https://github.com/PowerBeef/Vocello/blob/05bd2b6d24b3f43351f3b388622a72d8f0d6ecce/benchmarks/OPTIMIZATION.md),,performance,Explains why the fork compiles only small elementwise regions rather than the whole quantized loop.,Do not reintroduce without a new MLX implementation or different trace-constant strategy.,No,Repository benchmark evidence,,
BEN-005,Benchmarks,Rejected experiment,Eager talkerSourceWeights release measured no benefit,Rejected and absent,"A reordered release was tested, found within noise, and reverted.",,[`benchmarks/OPTIMIZATION.md`](https://github.com/PowerBeef/Vocello/blob/05bd2b6d24b3f43351f3b388622a72d8f0d6ecce/benchmarks/OPTIMIZATION.md),,memory,Avoids crediting a nonexistent active optimization.,Leave reverted; re-test only on speaker-encoder-heavy clone load.,No,Repository benchmark evidence,,
BEN-006,Benchmarks,Rejected/default-off feature,Rotating KV produced negligible RAM benefit under current cap,"Active plumbing, inactive policy",Measurements found talker KV to be tens of MB and a 2048 window cannot rotate before the 2048 token cap.,,[`benchmarks/OPTIMIZATION.md`](https://github.com/PowerBeef/Vocello/blob/05bd2b6d24b3f43351f3b388622a72d8f0d6ecce/benchmarks/OPTIMIZATION.md),,memory,Corrects earlier estimates that attributed gigabytes to the talker KV.,Keep off by default; do not market as a current memory optimization.,No,Source plus repository benchmark evidence,,
BEN-007,Benchmarks,Quality,"Punctuation-aware audioQC is Core policy, not model optimization",Active outside vendor,Core budgets long pauses against punctuation and flags only excess/egregious gaps.,,[`Sources/QwenVoiceCore/NativeStreamingSynthesisSession.swift`](https://github.com/PowerBeef/Vocello/blob/05bd2b6d24b3f43351f3b388622a72d8f0d6ecce/Sources/QwenVoiceCore/NativeStreamingSynthesisSession.swift),,correctness,Reduces false positives without changing generated waveform.,Keep separate from model-backend delta claims.,No,Confirmed in source,,
BEN-008,Benchmarks,Live preview,Repository A/B reports negligible engine cost,Measured,On-device evidence records no measurable RTF or peak-memory cost within noise for enabled live preview.,,[`benchmarks/OPTIMIZATION.md`](https://github.com/PowerBeef/Vocello/blob/05bd2b6d24b3f43351f3b388622a72d8f0d6ecce/benchmarks/OPTIMIZATION.md),,performance,"Supports retaining live playback, but applies only to the tested device/configuration.",Retain as scoped evidence.,No,Repository benchmark evidence,,
UPS-001,Upstream,Testing,Upstream tiny Qwen fixtures and direct tests,Not ported,The fork does not include a dedicated equivalent test target.,"Upstream tests reusable reference conditioning, direct/stream generation, raw compatibility, and Custom Voice separation.",[`third_party_patches/mlx-audio-swift/Package.swift`](https://github.com/PowerBeef/Vocello/blob/05bd2b6d24b3f43351f3b388622a72d8f0d6ecce/third_party_patches/mlx-audio-swift/Package.swift),[`Tests/MLXAudioTTSTests.swift`](https://github.com/Blaizzy/mlx-audio-swift/blob/d302a5c6080d2bb97bae38c7418f82abb76013b6/Tests/MLXAudioTTSTests.swift),maintainability,High-value evidence that can be adapted without importing unrelated models.,Port/adapt immediately.,No,Confirmed in source,,
UPS-002,Upstream,Configuration,Typed SpkIdValue and SpkDialectValue,Not ported,Local config normalizes values into arrays/optional strings.,Upstream preserves source JSON variants in typed enums.,[`third_party_patches/mlx-audio-swift/Sources/MLXAudioTTS/Models/Qwen3TTS/Qwen3TTSConfig.swift`](https://github.com/PowerBeef/Vocello/blob/05bd2b6d24b3f43351f3b388622a72d8f0d6ecce/third_party_patches/mlx-audio-swift/Sources/MLXAudioTTS/Models/Qwen3TTS/Qwen3TTSConfig.swift),[`Sources/MLXAudioTTS/Models/Qwen3TTS/Qwen3TTSConfig.swift`](https://github.com/Blaizzy/mlx-audio-swift/blob/d302a5c6080d2bb97bae38c7418f82abb76013b6/Sources/MLXAudioTTS/Models/Qwen3TTS/Qwen3TTSConfig.swift),maintainability,Upstream representation is clearer and more lossless.,Selective port.,No,Confirmed in source,,
UPS-003,Upstream,Audio writer,Reusable generic StreamingWAVWriter buffer,Not ported,Local generic writer uses per-chunk buffers.,Upstream reuses buffers and supports direct MLX/data writes.,[`third_party_patches/mlx-audio-swift/Sources/MLXAudioCore/AudioUtils.swift`](https://github.com/PowerBeef/Vocello/blob/05bd2b6d24b3f43351f3b388622a72d8f0d6ecce/third_party_patches/mlx-audio-swift/Sources/MLXAudioCore/AudioUtils.swift),[`Sources/MLXAudioCore/AudioUtils.swift`](https://github.com/Blaizzy/mlx-audio-swift/blob/d302a5c6080d2bb97bae38c7418f82abb76013b6/Sources/MLXAudioCore/AudioUtils.swift),performance,Useful only if generic writer remains supported.,Low-priority port.,No,Confirmed in source,,
UPS-004,Upstream,Dependencies,Newer MLX/MLX-LM and Swift tools,Deferred,Local remains on the benchmarked exact pins.,Upstream has advanced to Swift tools 6.2 and newer MLX-LM.,[`third_party_patches/mlx-audio-swift/Package.swift`](https://github.com/PowerBeef/Vocello/blob/05bd2b6d24b3f43351f3b388622a72d8f0d6ecce/third_party_patches/mlx-audio-swift/Package.swift),[`Package.swift`](https://github.com/Blaizzy/mlx-audio-swift/blob/d302a5c6080d2bb97bae38c7418f82abb76013b6/Package.swift),compatibility,"Security/compatibility fixes may accumulate, but blind upgrades can change quantization and numerics.",Quarterly evidence-driven compatibility branch.,No,Confirmed in source,,
UPS-005,Upstream,Mimi Conv,Newer MLXNN convolution wrapper refactor,Not ported,Local uses the older imported wrapper compatible with 0.30.6.,Upstream subclasses current MLXNN convolution classes.,[`third_party_patches/mlx-audio-swift/Sources/MLXAudioCodecs/Mimi/Conv.swift`](https://github.com/PowerBeef/Vocello/blob/05bd2b6d24b3f43351f3b388622a72d8f0d6ecce/third_party_patches/mlx-audio-swift/Sources/MLXAudioCodecs/Mimi/Conv.swift),[`Sources/MLXAudioCodecs/Mimi/Conv.swift`](https://github.com/Blaizzy/mlx-audio-swift/blob/d302a5c6080d2bb97bae38c7418f82abb76013b6/Sources/MLXAudioCodecs/Mimi/Conv.swift),compatibility,Potentially simplifies future maintenance; tightly dependency-coupled.,Evaluate with dependency upgrade and numerical streaming tests.,No,Confirmed in source,,
UPS-006,Upstream,Breadth,Broad model/task support,Intentionally removed,The fork is Qwen3-TTS-only.,"Upstream continues adding TTS, STT, VAD, STS, codec, and G2P models.",[`third_party_patches/mlx-audio-swift/UPSTREAM.md`](https://github.com/PowerBeef/Vocello/blob/05bd2b6d24b3f43351f3b388622a72d8f0d6ecce/third_party_patches/mlx-audio-swift/UPSTREAM.md),[`README.md`](https://github.com/Blaizzy/mlx-audio-swift/blob/d302a5c6080d2bb97bae38c7418f82abb76013b6/README.md),product-specific,Upstream is superior as a general SDK; irrelevant breadth would increase product risk.,Do not port by default.,No,Confirmed in source,,
GOV-001,Governance,Naming,third_party_patches understates ownership,Active documentation debt,The directory name suggests a thin patch set even though the tree is intentionally specialized and locally owned.,,[`third_party_patches/mlx-audio-swift/UPSTREAM.md`](https://github.com/PowerBeef/Vocello/blob/05bd2b6d24b3f43351f3b388622a72d8f0d6ecce/third_party_patches/mlx-audio-swift/UPSTREAM.md),,maintainability,Can lead contributors to attempt unsafe rebases or mass replacement.,Rename conceptually now; physical move only with a dedicated migration.,No,Confirmed in source,,
GOV-002,Governance,Provenance,UPSTREAM.md records import but not exhaustive patch ledger,Active gap,"The metadata names the baseline and several retained deltas, but not every current symbol-level divergence.",,[`third_party_patches/mlx-audio-swift/UPSTREAM.md`](https://github.com/PowerBeef/Vocello/blob/05bd2b6d24b3f43351f3b388622a72d8f0d6ecce/third_party_patches/mlx-audio-swift/UPSTREAM.md),,maintainability,Forces archaeology when reviewing upstream changes.,Adopt the generated JSON/CSV ledger from this report.,No,Confirmed in source,,
GOV-003,Governance,README,Vendored README can describe removed upstream products/models,Active drift risk,The copied upstream-facing README is not a reliable description of the specialized package.,Upstream README correctly describes the full SDK.,[`third_party_patches/mlx-audio-swift/README.md`](https://github.com/PowerBeef/Vocello/blob/05bd2b6d24b3f43351f3b388622a72d8f0d6ecce/third_party_patches/mlx-audio-swift/README.md),[`README.md`](https://github.com/Blaizzy/mlx-audio-swift/blob/d302a5c6080d2bb97bae38c7418f82abb76013b6/README.md),maintainability,Misleads contributors and package consumers.,Replace with a specialization README linking to provenance.,No,Confirmed in source,,
GOV-004,Governance,Diagnostics,Stringly typed metrics and flags,Active design debt,Many load/preparation/hot-loop values are merged by string keys across layers.,Upstream has much less instrumentation and therefore less schema burden.,[`third_party_patches/mlx-audio-swift/Sources/MLXAudioTTS/Models/Qwen3TTS/Qwen3TTS.swift`](https://github.com/PowerBeef/Vocello/blob/05bd2b6d24b3f43351f3b388622a72d8f0d6ecce/third_party_patches/mlx-audio-swift/Sources/MLXAudioTTS/Models/Qwen3TTS/Qwen3TTS.swift),,maintainability,Renames can silently break summarizers and historical comparisons.,Define typed metrics and one versioned serialization adapter.,No,Confirmed in source,,
GOV-005,Governance,Policy placement,Environment variables read inside vendor runtime,Active design debt,"Sampling, cache, and diagnostic policies are partly resolved from process environment in the modified package.",Upstream uses generic call parameters and package defaults.,[`third_party_patches/mlx-audio-swift/Sources/MLXAudioTTS/Models/Qwen3TTS/Qwen3TTS.swift`](https://github.com/PowerBeef/Vocello/blob/05bd2b6d24b3f43351f3b388622a72d8f0d6ecce/third_party_patches/mlx-audio-swift/Sources/MLXAudioTTS/Models/Qwen3TTS/Qwen3TTS.swift),[`Sources/MLXAudioTTS/Models/Qwen3TTS/Qwen3TTS.swift`](https://github.com/Blaizzy/mlx-audio-swift/blob/d302a5c6080d2bb97bae38c7418f82abb76013b6/Sources/MLXAudioTTS/Models/Qwen3TTS/Qwen3TTS.swift),maintainability,Process-global policy is difficult to reason about and test under concurrency.,Resolve typed policy in BackendCore and inject it.,No,Confirmed in source,,
GOV-006,Governance,Source concentration,Qwen3TTS.swift combines many responsibilities,Active design debt,"One large source file contains caches, serialization, concurrency, APIs, prompt assembly, generation, sampling, diagnostics, and loading.",Upstream file is also large but materially smaller and less product-specific.,[`third_party_patches/mlx-audio-swift/Sources/MLXAudioTTS/Models/Qwen3TTS/Qwen3TTS.swift`](https://github.com/PowerBeef/Vocello/blob/05bd2b6d24b3f43351f3b388622a72d8f0d6ecce/third_party_patches/mlx-audio-swift/Sources/MLXAudioTTS/Models/Qwen3TTS/Qwen3TTS.swift),[`Sources/MLXAudioTTS/Models/Qwen3TTS/Qwen3TTS.swift`](https://github.com/Blaizzy/mlx-audio-swift/blob/d302a5c6080d2bb97bae38c7418f82abb76013b6/Sources/MLXAudioTTS/Models/Qwen3TTS/Qwen3TTS.swift),maintainability,Raises review and selective-sync cost.,Split by responsibility under one model type.,No,Confirmed in source,,
